dataset_pair	dataset_a	dataset_b	scale_variant	metric	mean	ci_low	ci_high	n_rows	n_finite_rows	n_compounds	ci_status	estimate_95_ci
Cigs Mce–Cigs Tcm	cigs_mce	cigs_tcm	per_gene_population_zscore_dataset	w4_delta_vs_source_centroid_deg_lfc_spearman_p05	0.0704710746611051	0.008629816091954	0.1307823707850948	1910	305	230	ok	+0.070 [0.009, 0.131]
Cigs Mce–Cigs Tcm	cigs_mce	cigs_tcm	per_gene_population_zscore_dataset	w4_delta_vs_source_peer_deg_lfc_spearman_p05	0.2949850878681271	0.2430483858748922	0.345652368296833	1910	305	230	ok	+0.295 [0.243, 0.346]
Cigs Mce–Cigs Tcm	cigs_mce	cigs_tcm	per_gene_population_zscore_dataset	w4_delta_vs_target_centroid_deg_lfc_spearman_p05	0.2530984300685305	0.1962697875513401	0.3088881852200863	1910	305	230	ok	+0.253 [0.196, 0.309]
Cigs Mce–Cigs Tcm	cigs_mce	cigs_tcm	per_gene_population_zscore_dataset	w4_delta_vs_target_peer_deg_lfc_spearman_p05	0.3231785479490229	0.2701746433458165	0.3721500725241922	1910	305	230	ok	+0.323 [0.270, 0.372]
Cigs Mce–Cigs Tcm	cigs_mce	cigs_tcm	per_gene_population_zscore_dataset	w4_observed_deg_lfc_spearman_sym_p05	0.3184748748040908	0.2665818219418375	0.3659019675474538	1910	305	230	ok	0.318 [0.267, 0.366]
Cigs Mce–Cigs Tcm	cigs_mce	cigs_tcm	per_gene_population_zscore_dataset	w4_source_centroid_deg_lfc_spearman_pair_p05	0.2329774661648396	0.2011360071054279	0.2659945819290072	1910	981	701	ok	0.233 [0.201, 0.266]
Cigs Mce–Cigs Tcm	cigs_mce	cigs_tcm	per_gene_population_zscore_dataset	w4_source_peer_deg_lfc_spearman_pair_p05	0.0296186682331699	0.0224714260057692	0.036022421754441	1910	982	703	ok	0.030 [0.022, 0.036]
Cigs Mce–Cigs Tcm	cigs_mce	cigs_tcm	per_gene_population_zscore_dataset	w4_source_peer_deg_lfc_spearman_pair_p05_corrected_percentile	0.5823958302991212	0.5599532098619008	0.6050080598897101	1910	982	703	ok	0.582 [0.560, 0.605]
Cigs Mce–Cigs Tcm	cigs_mce	cigs_tcm	per_gene_population_zscore_dataset	w4_source_peer_deg_lfc_spearman_pair_p05_fraction_below_observed	0.5807265147657841	0.556805650263646	0.6028171832430071	1910	982	703	ok	0.581 [0.557, 0.603]
Cigs Mce–Cigs Tcm	cigs_mce	cigs_tcm	per_gene_population_zscore_dataset	w4_source_peer_deg_lfc_spearman_pair_p05_sd_score	0.4681461077579592	0.4506980942509183	0.4854475008318139	1910	982	703	ok	0.468 [0.451, 0.485]
Cigs Mce–Cigs Tcm	cigs_mce	cigs_tcm	per_gene_population_zscore_dataset	w4_target_centroid_deg_lfc_spearman_pair_p05	0.0547209249019086	0.0243379526206153	0.0882586551985947	1910	972	697	ok	0.055 [0.024, 0.088]
Cigs Mce–Cigs Tcm	cigs_mce	cigs_tcm	per_gene_population_zscore_dataset	w4_target_peer_deg_lfc_spearman_pair_p05	0.0044691581846098	-0.0012684881826751	0.0105399679969931	1910	982	703	ok	0.004 [-0.001, 0.011]
Cigs Mce–Cigs Tcm	cigs_mce	cigs_tcm	per_gene_population_zscore_dataset	w4_target_peer_deg_lfc_spearman_pair_p05_corrected_percentile	0.603454447086416	0.5803541635939611	0.6251537618957658	1910	982	703	ok	0.603 [0.580, 0.625]
Cigs Mce–Cigs Tcm	cigs_mce	cigs_tcm	per_gene_population_zscore_dataset	w4_target_peer_deg_lfc_spearman_pair_p05_fraction_below_observed	0.6018608388492872	0.577537934871775	0.6232932985853914	1910	982	703	ok	0.602 [0.578, 0.623]
Cigs Mce–Cigs Tcm	cigs_mce	cigs_tcm	per_gene_population_zscore_dataset	w4_target_peer_deg_lfc_spearman_pair_p05_sd_score	0.4325986633907657	0.4134895326756217	0.4516483539568046	1910	982	703	ok	0.433 [0.413, 0.452]
L1000 Phase1–Cigs Mce	l1000_phase1	cigs_mce	per_gene_population_zscore_dataset	w4_delta_vs_source_centroid_deg_lfc_spearman_p05	-0.1645306085797552	-0.2525703939625092	-0.0930207125873174	127	79	79	ok	-0.165 [-0.253, -0.093]
L1000 Phase1–Cigs Mce	l1000_phase1	cigs_mce	per_gene_population_zscore_dataset	w4_delta_vs_source_peer_deg_lfc_spearman_p05	0.1881484585511061	0.1075491773391931	0.2555184478471496	127	79	79	ok	+0.188 [0.108, 0.256]
L1000 Phase1–Cigs Mce	l1000_phase1	cigs_mce	per_gene_population_zscore_dataset	w4_delta_vs_target_centroid_deg_lfc_spearman_p05	-0.008758604372152	-0.1217424470128265	0.0720609884372026	127	79	79	ok	-0.009 [-0.122, 0.072]
L1000 Phase1–Cigs Mce	l1000_phase1	cigs_mce	per_gene_population_zscore_dataset	w4_delta_vs_target_peer_deg_lfc_spearman_p05	0.2384920902258529	0.1462534645267974	0.3081893248066539	127	79	79	ok	+0.238 [0.146, 0.308]
L1000 Phase1–Cigs Mce	l1000_phase1	cigs_mce	per_gene_population_zscore_dataset	w4_observed_deg_lfc_spearman_sym_p05	0.3085312152420105	0.2220480360726615	0.3822730689577525	127	79	79	ok	0.309 [0.222, 0.382]
L1000 Phase1–Cigs Mce	l1000_phase1	cigs_mce	per_gene_population_zscore_dataset	w4_source_centroid_deg_lfc_spearman_pair_p05	0.4932947522465585	0.4279220586264908	0.5495246301062737	127	123	120	ok	0.493 [0.428, 0.550]
L1000 Phase1–Cigs Mce	l1000_phase1	cigs_mce	per_gene_population_zscore_dataset	w4_source_peer_deg_lfc_spearman_pair_p05	0.1627670327855049	0.1297605374930667	0.1970487617772724	127	124	121	ok	0.163 [0.130, 0.197]
L1000 Phase1–Cigs Mce	l1000_phase1	cigs_mce	per_gene_population_zscore_dataset	w4_source_peer_deg_lfc_spearman_pair_p05_corrected_percentile	0.5380835293173516	0.4758438310924046	0.5977443549189052	127	124	121	ok	0.538 [0.476, 0.598]
L1000 Phase1–Cigs Mce	l1000_phase1	cigs_mce	per_gene_population_zscore_dataset	w4_source_peer_deg_lfc_spearman_pair_p05_fraction_below_observed	0.5331492286499997	0.4720594724878729	0.592656430736302	127	124	121	ok	0.533 [0.472, 0.593]
L1000 Phase1–Cigs Mce	l1000_phase1	cigs_mce	per_gene_population_zscore_dataset	w4_source_peer_deg_lfc_spearman_pair_p05_sd_score	0.3814897512739839	0.3487609156218104	0.4206809011889074	127	124	121	ok	0.381 [0.349, 0.421]
L1000 Phase1–Cigs Mce	l1000_phase1	cigs_mce	per_gene_population_zscore_dataset	w4_target_centroid_deg_lfc_spearman_pair_p05	0.2482194601896756	0.1732307731609584	0.3154120434107236	127	123	120	ok	0.248 [0.173, 0.315]
L1000 Phase1–Cigs Mce	l1000_phase1	cigs_mce	per_gene_population_zscore_dataset	w4_target_peer_deg_lfc_spearman_pair_p05	0.0524355295158002	0.0285048845297592	0.0729774746162337	127	124	121	ok	0.052 [0.029, 0.073]
L1000 Phase1–Cigs Mce	l1000_phase1	cigs_mce	per_gene_population_zscore_dataset	w4_target_peer_deg_lfc_spearman_pair_p05_corrected_percentile	0.6366022922616336	0.5728842352132498	0.6937354947278361	127	124	121	ok	0.637 [0.573, 0.694]
L1000 Phase1–Cigs Mce	l1000_phase1	cigs_mce	per_gene_population_zscore_dataset	w4_target_peer_deg_lfc_spearman_pair_p05_fraction_below_observed	0.6348937597369361	0.5722325979515862	0.6920320994770275	127	124	121	ok	0.635 [0.572, 0.692]
L1000 Phase1–Cigs Mce	l1000_phase1	cigs_mce	per_gene_population_zscore_dataset	w4_target_peer_deg_lfc_spearman_pair_p05_sd_score	0.3497499445830874	0.3107232081254763	0.3958780723470961	127	124	121	ok	0.350 [0.311, 0.396]
L1000 Phase1–L1000 Phase2	l1000_phase1	l1000_phase2	per_gene_population_zscore_dataset	w4_delta_vs_source_centroid_deg_lfc_spearman_p05	-0.035316820849318	-0.070359682189132	-0.0035289547532415	1060	985	242	ok	-0.035 [-0.070, -0.004]
L1000 Phase1–L1000 Phase2	l1000_phase1	l1000_phase2	per_gene_population_zscore_dataset	w4_delta_vs_source_peer_deg_lfc_spearman_p05	0.2917710053910635	0.2542567049685458	0.3274674389169791	1060	985	242	ok	+0.292 [0.254, 0.327]
L1000 Phase1–L1000 Phase2	l1000_phase1	l1000_phase2	per_gene_population_zscore_dataset	w4_delta_vs_target_centroid_deg_lfc_spearman_p05	0.1207689234564626	0.0906771276109851	0.1521447155679865	1060	985	242	ok	+0.121 [0.091, 0.152]
L1000 Phase1–L1000 Phase2	l1000_phase1	l1000_phase2	per_gene_population_zscore_dataset	w4_delta_vs_target_peer_deg_lfc_spearman_p05	0.337165606754943	0.302271616610904	0.3746993879286595	1060	985	242	ok	+0.337 [0.302, 0.375]
L1000 Phase1–L1000 Phase2	l1000_phase1	l1000_phase2	per_gene_population_zscore_dataset	w4_observed_deg_lfc_spearman_sym_p05	0.3529871244712682	0.3136898483749613	0.3946370841440258	1060	985	242	ok	0.353 [0.314, 0.395]
L1000 Phase1–L1000 Phase2	l1000_phase1	l1000_phase2	per_gene_population_zscore_dataset	w4_source_centroid_deg_lfc_spearman_pair_p05	0.3799508215122784	0.3582063079550929	0.3987499847123687	1060	1049	254	ok	0.380 [0.358, 0.399]
L1000 Phase1–L1000 Phase2	l1000_phase1	l1000_phase2	per_gene_population_zscore_dataset	w4_source_peer_deg_lfc_spearman_pair_p05	0.056085373734774	0.0477379536306702	0.0637680439788817	1060	1049	254	ok	0.056 [0.048, 0.064]
L1000 Phase1–L1000 Phase2	l1000_phase1	l1000_phase2	per_gene_population_zscore_dataset	w4_source_peer_deg_lfc_spearman_pair_p05_corrected_percentile	0.7062262432233883	0.6783358294708185	0.7324987768556264	1060	1049	254	ok	0.706 [0.678, 0.732]
L1000 Phase1–L1000 Phase2	l1000_phase1	l1000_phase2	per_gene_population_zscore_dataset	w4_source_peer_deg_lfc_spearman_pair_p05_fraction_below_observed	0.703450023176611	0.6758218233369311	0.7307051579947785	1060	1049	254	ok	0.703 [0.676, 0.731]
L1000 Phase1–L1000 Phase2	l1000_phase1	l1000_phase2	per_gene_population_zscore_dataset	w4_source_peer_deg_lfc_spearman_pair_p05_sd_score	0.3531057772588561	0.3409400938305807	0.3649660902572941	1060	1049	254	ok	0.353 [0.341, 0.365]
L1000 Phase1–L1000 Phase2	l1000_phase1	l1000_phase2	per_gene_population_zscore_dataset	w4_target_centroid_deg_lfc_spearman_pair_p05	0.221901205408549	0.2005394691642413	0.2428539374252967	1060	1052	255	ok	0.222 [0.201, 0.243]
L1000 Phase1–L1000 Phase2	l1000_phase1	l1000_phase2	per_gene_population_zscore_dataset	w4_target_peer_deg_lfc_spearman_pair_p05	0.0092233742284036	0.0033144243383436	0.0156698988068923	1060	1052	255	ok	0.009 [0.003, 0.016]
L1000 Phase1–L1000 Phase2	l1000_phase1	l1000_phase2	per_gene_population_zscore_dataset	w4_target_peer_deg_lfc_spearman_pair_p05_corrected_percentile	0.7457806563851578	0.7207070274338495	0.771780660778637	1060	1052	255	ok	0.746 [0.721, 0.772]
L1000 Phase1–L1000 Phase2	l1000_phase1	l1000_phase2	per_gene_population_zscore_dataset	w4_target_peer_deg_lfc_spearman_pair_p05_fraction_below_observed	0.7434284731007357	0.7160534976260652	0.7711245337449117	1060	1052	255	ok	0.743 [0.716, 0.771]
L1000 Phase1–L1000 Phase2	l1000_phase1	l1000_phase2	per_gene_population_zscore_dataset	w4_target_peer_deg_lfc_spearman_pair_p05_sd_score	0.3334659876519324	0.3212852719148392	0.3461585423840032	1060	1051	255	ok	0.333 [0.321, 0.346]
L1000 Phase1–Sciplex	l1000_phase1	sciplex	per_gene_population_zscore_dataset	w4_delta_vs_source_centroid_deg_lfc_spearman_p05	-0.0731765383776772	-0.1508147167507971	0.0027833066959546	162	71	51	ok	-0.073 [-0.151, 0.003]
L1000 Phase1–Sciplex	l1000_phase1	sciplex	per_gene_population_zscore_dataset	w4_delta_vs_source_peer_deg_lfc_spearman_p05	0.2853455638624971	0.2118177734153003	0.3487996994161382	162	71	51	ok	+0.285 [0.212, 0.349]
L1000 Phase1–Sciplex	l1000_phase1	sciplex	per_gene_population_zscore_dataset	w4_delta_vs_target_centroid_deg_lfc_spearman_p05	0.1088293204884776	0.020322324934919	0.1818044084619145	162	71	51	ok	+0.109 [0.020, 0.182]
L1000 Phase1–Sciplex	l1000_phase1	sciplex	per_gene_population_zscore_dataset	w4_delta_vs_target_peer_deg_lfc_spearman_p05	0.3080514468237477	0.230975455781466	0.3698047581865692	162	71	51	ok	+0.308 [0.231, 0.370]
L1000 Phase1–Sciplex	l1000_phase1	sciplex	per_gene_population_zscore_dataset	w4_observed_deg_lfc_spearman_sym_p05	0.3298564425883666	0.2581489230425496	0.3974243989643966	162	71	51	ok	0.330 [0.258, 0.397]
L1000 Phase1–Sciplex	l1000_phase1	sciplex	per_gene_population_zscore_dataset	w4_source_centroid_deg_lfc_spearman_pair_p05	0.3176961073521168	0.2503920565538661	0.3680049786247448	162	147	87	ok	0.318 [0.250, 0.368]
L1000 Phase1–Sciplex	l1000_phase1	sciplex	per_gene_population_zscore_dataset	w4_source_peer_deg_lfc_spearman_pair_p05	0.0262380227163945	0.015802770168157	0.0361104353663008	162	147	87	ok	0.026 [0.016, 0.036]
L1000 Phase1–Sciplex	l1000_phase1	sciplex	per_gene_population_zscore_dataset	w4_source_peer_deg_lfc_spearman_pair_p05_corrected_percentile	0.6374738370192893	0.5928156417998713	0.682984300269658	162	147	87	ok	0.637 [0.593, 0.683]
L1000 Phase1–Sciplex	l1000_phase1	sciplex	per_gene_population_zscore_dataset	w4_source_peer_deg_lfc_spearman_pair_p05_fraction_below_observed	0.6342863916658298	0.588977952354091	0.6760064478571514	162	147	87	ok	0.634 [0.589, 0.676]
L1000 Phase1–Sciplex	l1000_phase1	sciplex	per_gene_population_zscore_dataset	w4_source_peer_deg_lfc_spearman_pair_p05_sd_score	0.3642053085387369	0.3403093768651145	0.392011531856387	162	147	87	ok	0.364 [0.340, 0.392]
L1000 Phase1–Sciplex	l1000_phase1	sciplex	per_gene_population_zscore_dataset	w4_target_centroid_deg_lfc_spearman_pair_p05	0.1784176413970872	0.1272534450467052	0.2232323769849891	162	147	87	ok	0.178 [0.127, 0.223]
L1000 Phase1–Sciplex	l1000_phase1	sciplex	per_gene_population_zscore_dataset	w4_target_peer_deg_lfc_spearman_pair_p05	0.0237214373645785	0.0153758597485339	0.0326608119519591	162	147	87	ok	0.024 [0.015, 0.033]
L1000 Phase1–Sciplex	l1000_phase1	sciplex	per_gene_population_zscore_dataset	w4_target_peer_deg_lfc_spearman_pair_p05_corrected_percentile	0.6569545726273941	0.6047113174688159	0.7078354483900237	162	147	87	ok	0.657 [0.605, 0.708]
L1000 Phase1–Sciplex	l1000_phase1	sciplex	per_gene_population_zscore_dataset	w4_target_peer_deg_lfc_spearman_pair_p05_fraction_below_observed	0.6550014722705527	0.6027169807817004	0.7042010134568435	162	147	87	ok	0.655 [0.603, 0.704]
L1000 Phase1–Sciplex	l1000_phase1	sciplex	per_gene_population_zscore_dataset	w4_target_peer_deg_lfc_spearman_pair_p05_sd_score	0.3019618866065421	0.2727753438473558	0.3377361600574878	162	147	87	ok	0.302 [0.273, 0.338]
L1000 Phase1–Tahoe	l1000_phase1	tahoe	per_gene_population_zscore_dataset	w4_delta_vs_source_centroid_deg_lfc_spearman_p05	-0.1367774950731946	-0.2357843936292816	-0.0236763410403792	114	50	40	ok	-0.137 [-0.236, -0.024]
L1000 Phase1–Tahoe	l1000_phase1	tahoe	per_gene_population_zscore_dataset	w4_delta_vs_source_peer_deg_lfc_spearman_p05	0.0897195842328283	-0.0103984627686054	0.1739043014830311	114	50	40	ok	+0.090 [-0.010, 0.174]
L1000 Phase1–Tahoe	l1000_phase1	tahoe	per_gene_population_zscore_dataset	w4_delta_vs_target_centroid_deg_lfc_spearman_p05	0.0892965338410337	-0.0337832123242491	0.2043120503812492	114	50	40	ok	+0.089 [-0.034, 0.204]
L1000 Phase1–Tahoe	l1000_phase1	tahoe	per_gene_population_zscore_dataset	w4_delta_vs_target_peer_deg_lfc_spearman_p05	0.1286841693165084	0.0188528940099689	0.2245622587205495	114	50	40	ok	+0.129 [0.019, 0.225]
L1000 Phase1–Tahoe	l1000_phase1	tahoe	per_gene_population_zscore_dataset	w4_observed_deg_lfc_spearman_sym_p05	0.138889160517691	0.0386296204739636	0.2270205838517497	114	50	40	ok	0.139 [0.039, 0.227]
L1000 Phase1–Tahoe	l1000_phase1	tahoe	per_gene_population_zscore_dataset	w4_source_centroid_deg_lfc_spearman_pair_p05	0.2770883952695558	0.1979268527208675	0.3492345212130929	114	105	80	ok	0.277 [0.198, 0.349]
L1000 Phase1–Tahoe	l1000_phase1	tahoe	per_gene_population_zscore_dataset	w4_source_peer_deg_lfc_spearman_pair_p05	0.0316188049994619	0.0148378088212592	0.0492249428869254	114	105	80	ok	0.032 [0.015, 0.049]
L1000 Phase1–Tahoe	l1000_phase1	tahoe	per_gene_population_zscore_dataset	w4_source_peer_deg_lfc_spearman_pair_p05_corrected_percentile	0.5647287106526931	0.5070065301202326	0.6225145840630787	114	105	80	ok	0.565 [0.507, 0.623]
L1000 Phase1–Tahoe	l1000_phase1	tahoe	per_gene_population_zscore_dataset	w4_source_peer_deg_lfc_spearman_pair_p05_fraction_below_observed	0.561681489132034	0.5056381968073929	0.6181038835201985	114	105	80	ok	0.562 [0.506, 0.618]
L1000 Phase1–Tahoe	l1000_phase1	tahoe	per_gene_population_zscore_dataset	w4_source_peer_deg_lfc_spearman_pair_p05_sd_score	0.3986332296731363	0.3653869033165534	0.4384610496580053	114	105	80	ok	0.399 [0.365, 0.438]
L1000 Phase1–Tahoe	l1000_phase1	tahoe	per_gene_population_zscore_dataset	w4_target_centroid_deg_lfc_spearman_pair_p05	0.0235489033010859	-0.0510434413715034	0.1050724602377698	114	106	80	ok	0.024 [-0.051, 0.105]
L1000 Phase1–Tahoe	l1000_phase1	tahoe	per_gene_population_zscore_dataset	w4_target_peer_deg_lfc_spearman_pair_p05	0.0013016847503614	-0.0176925664848725	0.0196099241703165	114	106	80	ok	0.001 [-0.018, 0.020]
L1000 Phase1–Tahoe	l1000_phase1	tahoe	per_gene_population_zscore_dataset	w4_target_peer_deg_lfc_spearman_pair_p05_corrected_percentile	0.5955580412649762	0.5318263795667447	0.6625113233910606	114	106	80	ok	0.596 [0.532, 0.663]
L1000 Phase1–Tahoe	l1000_phase1	tahoe	per_gene_population_zscore_dataset	w4_target_peer_deg_lfc_spearman_pair_p05_fraction_below_observed	0.5939491950553419	0.5326112026778252	0.6616323387346701	114	106	80	ok	0.594 [0.533, 0.662]
L1000 Phase1–Tahoe	l1000_phase1	tahoe	per_gene_population_zscore_dataset	w4_target_peer_deg_lfc_spearman_pair_p05_sd_score	0.341505118592302	0.3003699049801047	0.3893825725833663	114	106	80	ok	0.342 [0.300, 0.389]
L1000 Phase2–Cigs Mce	l1000_phase2	cigs_mce	per_gene_population_zscore_dataset	w4_delta_vs_source_centroid_deg_lfc_spearman_p05	-0.0717867989884012	-0.1707212792254644	0.0154461687982748	68	57	57	ok	-0.072 [-0.171, 0.015]
L1000 Phase2–Cigs Mce	l1000_phase2	cigs_mce	per_gene_population_zscore_dataset	w4_delta_vs_source_peer_deg_lfc_spearman_p05	0.2311132084161169	0.1467977511035693	0.3011037108841263	68	57	57	ok	+0.231 [0.147, 0.301]
L1000 Phase2–Cigs Mce	l1000_phase2	cigs_mce	per_gene_population_zscore_dataset	w4_delta_vs_target_centroid_deg_lfc_spearman_p05	0.0926410774044107	-0.0175449441664192	0.1586585529187111	68	57	57	ok	+0.093 [-0.018, 0.159]
L1000 Phase2–Cigs Mce	l1000_phase2	cigs_mce	per_gene_population_zscore_dataset	w4_delta_vs_target_peer_deg_lfc_spearman_p05	0.286565868356867	0.2011399296251494	0.3477666719657344	68	57	57	ok	+0.287 [0.201, 0.348]
L1000 Phase2–Cigs Mce	l1000_phase2	cigs_mce	per_gene_population_zscore_dataset	w4_observed_deg_lfc_spearman_sym_p05	0.4110140581036851	0.3180613613921237	0.4818319777936972	68	57	57	ok	0.411 [0.318, 0.482]
L1000 Phase2–Cigs Mce	l1000_phase2	cigs_mce	per_gene_population_zscore_dataset	w4_source_centroid_deg_lfc_spearman_pair_p05	0.4966573361648437	0.4262400468416925	0.5508816994229285	68	67	67	ok	0.497 [0.426, 0.551]
L1000 Phase2–Cigs Mce	l1000_phase2	cigs_mce	per_gene_population_zscore_dataset	w4_source_peer_deg_lfc_spearman_pair_p05	0.1967148308557397	0.1712612335177519	0.2219715244825182	68	67	67	ok	0.197 [0.171, 0.222]
L1000 Phase2–Cigs Mce	l1000_phase2	cigs_mce	per_gene_population_zscore_dataset	w4_source_peer_deg_lfc_spearman_pair_p05_corrected_percentile	0.6328736183667338	0.5607473494164698	0.6938093805266763	68	67	67	ok	0.633 [0.561, 0.694]
L1000 Phase2–Cigs Mce	l1000_phase2	cigs_mce	per_gene_population_zscore_dataset	w4_source_peer_deg_lfc_spearman_pair_p05_fraction_below_observed	0.6303504593710149	0.5534864178368479	0.6927809848764143	68	67	67	ok	0.630 [0.553, 0.693]
L1000 Phase2–Cigs Mce	l1000_phase2	cigs_mce	per_gene_population_zscore_dataset	w4_source_peer_deg_lfc_spearman_pair_p05_sd_score	0.3098610898289594	0.2857103307980618	0.3458972273597888	68	67	67	ok	0.310 [0.286, 0.346]
L1000 Phase2–Cigs Mce	l1000_phase2	cigs_mce	per_gene_population_zscore_dataset	w4_target_centroid_deg_lfc_spearman_pair_p05	0.3037365666361561	0.2403012141415904	0.3534939729756475	68	67	67	ok	0.304 [0.240, 0.353]
L1000 Phase2–Cigs Mce	l1000_phase2	cigs_mce	per_gene_population_zscore_dataset	w4_target_peer_deg_lfc_spearman_pair_p05	0.1076656594972746	0.0821781422661851	0.1298377323671884	68	67	67	ok	0.108 [0.082, 0.130]
L1000 Phase2–Cigs Mce	l1000_phase2	cigs_mce	per_gene_population_zscore_dataset	w4_target_peer_deg_lfc_spearman_pair_p05_corrected_percentile	0.7911316982048143	0.7173524117409241	0.844761889037694	68	67	67	ok	0.791 [0.717, 0.845]
L1000 Phase2–Cigs Mce	l1000_phase2	cigs_mce	per_gene_population_zscore_dataset	w4_target_peer_deg_lfc_spearman_pair_p05_fraction_below_observed	0.7899903898313709	0.7129456886368205	0.8437718634015378	68	67	67	ok	0.790 [0.713, 0.844]
L1000 Phase2–Cigs Mce	l1000_phase2	cigs_mce	per_gene_population_zscore_dataset	w4_target_peer_deg_lfc_spearman_pair_p05_sd_score	0.2466737273800242	0.2175124104505094	0.2830636222688585	68	67	67	ok	0.247 [0.218, 0.283]
L1000 Phase2–Sciplex	l1000_phase2	sciplex	per_gene_population_zscore_dataset	w4_delta_vs_source_centroid_deg_lfc_spearman_p05	-0.0271516058252384	-0.1082246530598548	0.0653729796945697	127	65	51	ok	-0.027 [-0.108, 0.065]
L1000 Phase2–Sciplex	l1000_phase2	sciplex	per_gene_population_zscore_dataset	w4_delta_vs_source_peer_deg_lfc_spearman_p05	0.3564052245511991	0.2777712234430112	0.4267615539863288	127	65	51	ok	+0.356 [0.278, 0.427]
L1000 Phase2–Sciplex	l1000_phase2	sciplex	per_gene_population_zscore_dataset	w4_delta_vs_target_centroid_deg_lfc_spearman_p05	0.1616279135953137	0.0738985625022239	0.2333007904244312	127	65	51	ok	+0.162 [0.074, 0.233]
L1000 Phase2–Sciplex	l1000_phase2	sciplex	per_gene_population_zscore_dataset	w4_delta_vs_target_peer_deg_lfc_spearman_p05	0.379980051910046	0.3059543625153822	0.44554603050231	127	65	51	ok	+0.380 [0.306, 0.446]
L1000 Phase2–Sciplex	l1000_phase2	sciplex	per_gene_population_zscore_dataset	w4_observed_deg_lfc_spearman_sym_p05	0.4014226073980831	0.3243838912875544	0.4649606298417857	127	65	51	ok	0.401 [0.324, 0.465]
L1000 Phase2–Sciplex	l1000_phase2	sciplex	per_gene_population_zscore_dataset	w4_source_centroid_deg_lfc_spearman_pair_p05	0.2417837142385863	0.1629126721826002	0.3010742512770631	127	123	81	ok	0.242 [0.163, 0.301]
L1000 Phase2–Sciplex	l1000_phase2	sciplex	per_gene_population_zscore_dataset	w4_source_peer_deg_lfc_spearman_pair_p05	-0.0038515000029474	-0.0190318029257927	0.0116585984988668	127	123	81	ok	-0.004 [-0.019, 0.012]
L1000 Phase2–Sciplex	l1000_phase2	sciplex	per_gene_population_zscore_dataset	w4_source_peer_deg_lfc_spearman_pair_p05_corrected_percentile	0.6458960180567346	0.5948361168268052	0.6886439426609327	127	123	81	ok	0.646 [0.595, 0.689]
L1000 Phase2–Sciplex	l1000_phase2	sciplex	per_gene_population_zscore_dataset	w4_source_peer_deg_lfc_spearman_pair_p05_fraction_below_observed	0.6444622976210755	0.5979126946917236	0.6890831916470448	127	123	81	ok	0.644 [0.598, 0.689]
L1000 Phase2–Sciplex	l1000_phase2	sciplex	per_gene_population_zscore_dataset	w4_source_peer_deg_lfc_spearman_pair_p05_sd_score	0.424170979513051	0.39017060746244	0.4643755657160409	127	123	81	ok	0.424 [0.390, 0.464]
L1000 Phase2–Sciplex	l1000_phase2	sciplex	per_gene_population_zscore_dataset	w4_target_centroid_deg_lfc_spearman_pair_p05	0.1069502918731153	0.0375378377242975	0.1681282244617563	127	123	81	ok	0.107 [0.038, 0.168]
L1000 Phase2–Sciplex	l1000_phase2	sciplex	per_gene_population_zscore_dataset	w4_target_peer_deg_lfc_spearman_pair_p05	0.0042468754057991	-0.0080700691009873	0.0140044046764594	127	123	81	ok	0.004 [-0.008, 0.014]
L1000 Phase2–Sciplex	l1000_phase2	sciplex	per_gene_population_zscore_dataset	w4_target_peer_deg_lfc_spearman_pair_p05_corrected_percentile	0.6648937350254338	0.6167197036802047	0.7121948521930483	127	123	81	ok	0.665 [0.617, 0.712]
L1000 Phase2–Sciplex	l1000_phase2	sciplex	per_gene_population_zscore_dataset	w4_target_peer_deg_lfc_spearman_pair_p05_fraction_below_observed	0.663098402537785	0.6088307707143781	0.7094941182479039	127	123	81	ok	0.663 [0.609, 0.709]
L1000 Phase2–Sciplex	l1000_phase2	sciplex	per_gene_population_zscore_dataset	w4_target_peer_deg_lfc_spearman_pair_p05_sd_score	0.3702598845482857	0.33460490576397	0.4154845199155026	127	123	81	ok	0.370 [0.335, 0.415]
L1000 Phase2–Tahoe	l1000_phase2	tahoe	per_gene_population_zscore_dataset	w4_delta_vs_source_centroid_deg_lfc_spearman_p05	-0.1459478775913464	-0.2655306930434178	-0.0332880027546203	134	77	63	ok	-0.146 [-0.266, -0.033]
L1000 Phase2–Tahoe	l1000_phase2	tahoe	per_gene_population_zscore_dataset	w4_delta_vs_source_peer_deg_lfc_spearman_p05	0.0710215754502699	-0.008517748330559	0.1589324673766624	134	77	63	ok	+0.071 [-0.009, 0.159]
L1000 Phase2–Tahoe	l1000_phase2	tahoe	per_gene_population_zscore_dataset	w4_delta_vs_target_centroid_deg_lfc_spearman_p05	0.0266214777207212	-0.078789356790657	0.1402103086523135	134	77	63	ok	+0.027 [-0.079, 0.140]
L1000 Phase2–Tahoe	l1000_phase2	tahoe	per_gene_population_zscore_dataset	w4_delta_vs_target_peer_deg_lfc_spearman_p05	0.0809529178884247	0.0024053336459125	0.159894576140783	134	77	63	ok	+0.081 [0.002, 0.160]
L1000 Phase2–Tahoe	l1000_phase2	tahoe	per_gene_population_zscore_dataset	w4_observed_deg_lfc_spearman_sym_p05	0.0998967089489976	0.0232991293225571	0.1843369250175121	134	77	63	ok	0.100 [0.023, 0.184]
L1000 Phase2–Tahoe	l1000_phase2	tahoe	per_gene_population_zscore_dataset	w4_source_centroid_deg_lfc_spearman_pair_p05	0.1175479029454419	0.0442007241987272	0.1843843910865987	134	132	108	ok	0.118 [0.044, 0.184]
L1000 Phase2–Tahoe	l1000_phase2	tahoe	per_gene_population_zscore_dataset	w4_source_peer_deg_lfc_spearman_pair_p05	-0.0268022318818056	-0.0465425977049187	-0.0063335994879179	134	132	108	ok	-0.027 [-0.047, -0.006]
L1000 Phase2–Tahoe	l1000_phase2	tahoe	per_gene_population_zscore_dataset	w4_source_peer_deg_lfc_spearman_pair_p05_corrected_percentile	0.5958021563931097	0.5579624437307091	0.6343798287905583	134	132	108	ok	0.596 [0.558, 0.634]
L1000 Phase2–Tahoe	l1000_phase2	tahoe	per_gene_population_zscore_dataset	w4_source_peer_deg_lfc_spearman_pair_p05_fraction_below_observed	0.5942232585665204	0.5546307754818038	0.6324774669562481	134	132	108	ok	0.594 [0.555, 0.632]
L1000 Phase2–Tahoe	l1000_phase2	tahoe	per_gene_population_zscore_dataset	w4_source_peer_deg_lfc_spearman_pair_p05_sd_score	0.4682367190679501	0.4359996989347385	0.5029951081002902	134	132	108	ok	0.468 [0.436, 0.503]
L1000 Phase2–Tahoe	l1000_phase2	tahoe	per_gene_population_zscore_dataset	w4_target_centroid_deg_lfc_spearman_pair_p05	0.0739004974134662	0.0170849584575191	0.134216822526652	134	132	108	ok	0.074 [0.017, 0.134]
L1000 Phase2–Tahoe	l1000_phase2	tahoe	per_gene_population_zscore_dataset	w4_target_peer_deg_lfc_spearman_pair_p05	0.0284588790737875	0.0136023108422389	0.0425869749358579	134	132	108	ok	0.028 [0.014, 0.043]
L1000 Phase2–Tahoe	l1000_phase2	tahoe	per_gene_population_zscore_dataset	w4_target_peer_deg_lfc_spearman_pair_p05_corrected_percentile	0.56470676696844	0.5235784582634311	0.6055526270042042	134	132	108	ok	0.565 [0.524, 0.606]
L1000 Phase2–Tahoe	l1000_phase2	tahoe	per_gene_population_zscore_dataset	w4_target_peer_deg_lfc_spearman_pair_p05_fraction_below_observed	0.5630064027769106	0.5198497850887954	0.604536711657589	134	132	108	ok	0.563 [0.520, 0.605]
L1000 Phase2–Tahoe	l1000_phase2	tahoe	per_gene_population_zscore_dataset	w4_target_peer_deg_lfc_spearman_pair_p05_sd_score	0.4293916452777006	0.3915269713799382	0.4686378097622522	134	132	108	ok	0.429 [0.392, 0.469]
Tahoe–Sciplex	tahoe	sciplex	per_gene_population_zscore_dataset	w4_delta_vs_source_centroid_deg_lfc_spearman_p05	-0.11987763853888	-0.3010242557247753	0.0790879568384527	23	14	14	ok	-0.120 [-0.301, 0.079]
Tahoe–Sciplex	tahoe	sciplex	per_gene_population_zscore_dataset	w4_delta_vs_source_peer_deg_lfc_spearman_p05	0.1057479191751455	-0.0566160550296142	0.2465926432775923	23	14	14	ok	+0.106 [-0.057, 0.247]
Tahoe–Sciplex	tahoe	sciplex	per_gene_population_zscore_dataset	w4_delta_vs_target_centroid_deg_lfc_spearman_p05	0.1637811732276384	-0.0377732690331878	0.3354352831643136	23	14	14	ok	+0.164 [-0.038, 0.335]
Tahoe–Sciplex	tahoe	sciplex	per_gene_population_zscore_dataset	w4_delta_vs_target_peer_deg_lfc_spearman_p05	0.1829013361317271	0.039339846850441	0.3292906752098105	23	14	14	ok	+0.183 [0.039, 0.329]
Tahoe–Sciplex	tahoe	sciplex	per_gene_population_zscore_dataset	w4_observed_deg_lfc_spearman_sym_p05	0.1763453711184459	0.0103659972029505	0.3240873455619261	23	14	14	ok	0.176 [0.010, 0.324]
Tahoe–Sciplex	tahoe	sciplex	per_gene_population_zscore_dataset	w4_source_centroid_deg_lfc_spearman_pair_p05	0.4007302740822091	0.2401112232924021	0.5295209322629301	23	23	23	ok	0.401 [0.240, 0.530]
Tahoe–Sciplex	tahoe	sciplex	per_gene_population_zscore_dataset	w4_source_peer_deg_lfc_spearman_pair_p05	0.0905137905285096	0.0661879657791878	0.1159568024582137	23	23	23	ok	0.091 [0.066, 0.116]
Tahoe–Sciplex	tahoe	sciplex	per_gene_population_zscore_dataset	w4_source_peer_deg_lfc_spearman_pair_p05_corrected_percentile	0.5468915081372334	0.4452115185439133	0.6588600617998407	23	23	23	ok	0.547 [0.445, 0.659]
Tahoe–Sciplex	tahoe	sciplex	per_gene_population_zscore_dataset	w4_source_peer_deg_lfc_spearman_pair_p05_fraction_below_observed	0.5448161940697225	0.4339140130808871	0.6511456747966269	23	23	23	ok	0.545 [0.434, 0.651]
Tahoe–Sciplex	tahoe	sciplex	per_gene_population_zscore_dataset	w4_source_peer_deg_lfc_spearman_pair_p05_sd_score	0.4278495932537104	0.3564160634134457	0.5154581610879716	23	23	23	ok	0.428 [0.356, 0.515]
Tahoe–Sciplex	tahoe	sciplex	per_gene_population_zscore_dataset	w4_target_centroid_deg_lfc_spearman_pair_p05	0.0317498105979363	-0.0673755158892147	0.1504864751239275	23	23	23	ok	0.032 [-0.067, 0.150]
Tahoe–Sciplex	tahoe	sciplex	per_gene_population_zscore_dataset	w4_target_peer_deg_lfc_spearman_pair_p05	0.0033715096834415	-0.0192825161294796	0.0278418612256037	23	23	23	ok	0.003 [-0.019, 0.028]
Tahoe–Sciplex	tahoe	sciplex	per_gene_population_zscore_dataset	w4_target_peer_deg_lfc_spearman_pair_p05_corrected_percentile	0.6475566185085347	0.5482380817547029	0.7401729164232356	23	23	23	ok	0.648 [0.548, 0.740]
Tahoe–Sciplex	tahoe	sciplex	per_gene_population_zscore_dataset	w4_target_peer_deg_lfc_spearman_pair_p05_fraction_below_observed	0.6458734957624338	0.5453643558352558	0.7443997145308169	23	23	23	ok	0.646 [0.545, 0.744]
Tahoe–Sciplex	tahoe	sciplex	per_gene_population_zscore_dataset	w4_target_peer_deg_lfc_spearman_pair_p05_sd_score	0.3689762482913187	0.2930400236441502	0.4636541100948205	23	23	23	ok	0.369 [0.293, 0.464]
Cigs Mce–Cigs Tcm	cigs_mce	cigs_tcm	per_gene_population_zscore_dataset_cell_type	w4_delta_vs_source_centroid_deg_lfc_spearman_p05	0.756373234714509	0.6913911065953063	0.8141984001855249	1910	305	230	ok	+0.756 [0.691, 0.814]
Cigs Mce–Cigs Tcm	cigs_mce	cigs_tcm	per_gene_population_zscore_dataset_cell_type	w4_delta_vs_source_peer_deg_lfc_spearman_p05	0.32696374486098373	0.2715256125900292	0.3819150367941784	1910	305	230	ok	+0.327 [0.272, 0.382]
Cigs Mce–Cigs Tcm	cigs_mce	cigs_tcm	per_gene_population_zscore_dataset_cell_type	w4_delta_vs_target_centroid_deg_lfc_spearman_p05	0.5252732923433745	0.43950545674257324	0.6045410008003135	1910	305	230	ok	+0.525 [0.440, 0.605]
Cigs Mce–Cigs Tcm	cigs_mce	cigs_tcm	per_gene_population_zscore_dataset_cell_type	w4_delta_vs_target_peer_deg_lfc_spearman_p05	0.32685128472162117	0.27019554137011875	0.37723106852821686	1910	305	230	ok	+0.327 [0.270, 0.377]
Cigs Mce–Cigs Tcm	cigs_mce	cigs_tcm	per_gene_population_zscore_dataset_cell_type	w4_observed_deg_lfc_spearman_sym_p05	0.30735532577789754	0.2557405517874786	0.3600655011018526	1910	305	230	ok	0.307 [0.256, 0.360]
Cigs Mce–Cigs Tcm	cigs_mce	cigs_tcm	per_gene_population_zscore_dataset_cell_type	w4_source_centroid_deg_lfc_spearman_pair_p05	-0.48969307378756605	-0.5272861177925029	-0.4525080743284358	1910	981	701	ok	-0.490 [-0.527, -0.453]
Cigs Mce–Cigs Tcm	cigs_mce	cigs_tcm	per_gene_population_zscore_dataset_cell_type	w4_source_peer_deg_lfc_spearman_pair_p05	-0.007331264376740188	-0.011228094048621731	-0.0033956451709730487	1910	982	703	ok	-0.007 [-0.011, -0.003]
Cigs Mce–Cigs Tcm	cigs_mce	cigs_tcm	per_gene_population_zscore_dataset_cell_type	w4_source_peer_deg_lfc_spearman_pair_p05_corrected_percentile	0.6068114897771762	0.5854556886502225	0.6292911141875837	1910	982	703	ok	0.607 [0.585, 0.629]
Cigs Mce–Cigs Tcm	cigs_mce	cigs_tcm	per_gene_population_zscore_dataset_cell_type	w4_source_peer_deg_lfc_spearman_pair_p05_fraction_below_observed	0.6067107451913656	0.5846966127309983	0.627177313144956	1910	982	703	ok	0.607 [0.585, 0.627]
Cigs Mce–Cigs Tcm	cigs_mce	cigs_tcm	per_gene_population_zscore_dataset_cell_type	w4_source_peer_deg_lfc_spearman_pair_p05_sd_score	0.4710523939912018	0.4525704945107232	0.4884909749440443	1910	982	703	ok	0.471 [0.453, 0.488]
Cigs Mce–Cigs Tcm	cigs_mce	cigs_tcm	per_gene_population_zscore_dataset_cell_type	w4_target_centroid_deg_lfc_spearman_pair_p05	-0.11106412405658858	-0.1439322837572477	-0.07814821162765002	1910	972	697	ok	-0.111 [-0.144, -0.078]
Cigs Mce–Cigs Tcm	cigs_mce	cigs_tcm	per_gene_population_zscore_dataset_cell_type	w4_target_peer_deg_lfc_spearman_pair_p05	-0.012441470673696968	-0.015889691742100073	-0.009000154493012044	1910	982	703	ok	-0.012 [-0.016, -0.009]
Cigs Mce–Cigs Tcm	cigs_mce	cigs_tcm	per_gene_population_zscore_dataset_cell_type	w4_target_peer_deg_lfc_spearman_pair_p05_corrected_percentile	0.606543571991225	0.5829599115135552	0.6292419560830169	1910	982	703	ok	0.607 [0.583, 0.629]
Cigs Mce–Cigs Tcm	cigs_mce	cigs_tcm	per_gene_population_zscore_dataset_cell_type	w4_target_peer_deg_lfc_spearman_pair_p05_fraction_below_observed	0.6064194203676145	0.58325351666347	0.6290128593884946	1910	982	703	ok	0.606 [0.583, 0.629]
Cigs Mce–Cigs Tcm	cigs_mce	cigs_tcm	per_gene_population_zscore_dataset_cell_type	w4_target_peer_deg_lfc_spearman_pair_p05_sd_score	0.43543421793524595	0.41671725608250365	0.45477902272932624	1910	982	703	ok	0.435 [0.417, 0.455]
L1000 Phase1–Cigs Mce	l1000_phase1	cigs_mce	per_gene_population_zscore_dataset_cell_type	w4_delta_vs_source_centroid_deg_lfc_spearman_p05	0.5391093741829381	0.4445814421085388	0.6143599082998534	127	79	79	ok	+0.539 [0.445, 0.614]
L1000 Phase1–Cigs Mce	l1000_phase1	cigs_mce	per_gene_population_zscore_dataset_cell_type	w4_delta_vs_source_peer_deg_lfc_spearman_p05	0.258987451317311	0.1716167260899312	0.3315722901358796	127	79	79	ok	+0.259 [0.172, 0.332]
L1000 Phase1–Cigs Mce	l1000_phase1	cigs_mce	per_gene_population_zscore_dataset_cell_type	w4_delta_vs_target_centroid_deg_lfc_spearman_p05	0.24653359966530458	0.11007474199923108	0.3593999398749144	127	79	79	ok	+0.247 [0.110, 0.359]
L1000 Phase1–Cigs Mce	l1000_phase1	cigs_mce	per_gene_population_zscore_dataset_cell_type	w4_delta_vs_target_peer_deg_lfc_spearman_p05	0.261251810313559	0.16826078449889492	0.3324694197084323	127	79	79	ok	+0.261 [0.168, 0.332]
L1000 Phase1–Cigs Mce	l1000_phase1	cigs_mce	per_gene_population_zscore_dataset_cell_type	w4_observed_deg_lfc_spearman_sym_p05	0.28323862960959606	0.19428624629243654	0.35375129279436107	127	79	79	ok	0.283 [0.194, 0.354]
L1000 Phase1–Cigs Mce	l1000_phase1	cigs_mce	per_gene_population_zscore_dataset_cell_type	w4_source_centroid_deg_lfc_spearman_pair_p05	-0.08803790254714564	-0.16892234719073218	-0.005494558863720447	127	123	120	ok	-0.088 [-0.169, -0.005]
L1000 Phase1–Cigs Mce	l1000_phase1	cigs_mce	per_gene_population_zscore_dataset_cell_type	w4_source_peer_deg_lfc_spearman_pair_p05	0.03493316161660605	0.01583944086621564	0.05637499974176101	127	124	121	ok	0.035 [0.016, 0.056]
L1000 Phase1–Cigs Mce	l1000_phase1	cigs_mce	per_gene_population_zscore_dataset_cell_type	w4_source_peer_deg_lfc_spearman_pair_p05_corrected_percentile	0.5797478397424211	0.5118618301017778	0.6368560581574368	127	124	121	ok	0.580 [0.512, 0.637]
L1000 Phase1–Cigs Mce	l1000_phase1	cigs_mce	per_gene_population_zscore_dataset_cell_type	w4_source_peer_deg_lfc_spearman_pair_p05_fraction_below_observed	0.5759106103939072	0.514841141347277	0.6375160772537999	127	124	121	ok	0.576 [0.515, 0.638]
L1000 Phase1–Cigs Mce	l1000_phase1	cigs_mce	per_gene_population_zscore_dataset_cell_type	w4_source_peer_deg_lfc_spearman_pair_p05_sd_score	0.40114625651758107	0.3694272077611109	0.4398798801387862	127	124	121	ok	0.401 [0.369, 0.440]
L1000 Phase1–Cigs Mce	l1000_phase1	cigs_mce	per_gene_population_zscore_dataset_cell_type	w4_target_centroid_deg_lfc_spearman_pair_p05	0.1003865482950004	0.027643387407507533	0.17234478847057363	127	123	120	ok	0.100 [0.028, 0.172]
L1000 Phase1–Cigs Mce	l1000_phase1	cigs_mce	per_gene_population_zscore_dataset_cell_type	w4_target_peer_deg_lfc_spearman_pair_p05	0.01046177465945847	0.0002441981026273744	0.02238258745777065	127	124	121	ok	0.010 [0.000, 0.022]
L1000 Phase1–Cigs Mce	l1000_phase1	cigs_mce	per_gene_population_zscore_dataset_cell_type	w4_target_peer_deg_lfc_spearman_pair_p05_corrected_percentile	0.6109929133922626	0.5462335808411498	0.6729701133533426	127	124	121	ok	0.611 [0.546, 0.673]
L1000 Phase1–Cigs Mce	l1000_phase1	cigs_mce	per_gene_population_zscore_dataset_cell_type	w4_target_peer_deg_lfc_spearman_pair_p05_fraction_below_observed	0.6101411441701313	0.5504191020921928	0.6752684196350549	127	124	121	ok	0.610 [0.550, 0.675]
L1000 Phase1–Cigs Mce	l1000_phase1	cigs_mce	per_gene_population_zscore_dataset_cell_type	w4_target_peer_deg_lfc_spearman_pair_p05_sd_score	0.359133347982445	0.31991152085821456	0.40497147233658765	127	124	121	ok	0.359 [0.320, 0.405]
L1000 Phase1–L1000 Phase2	l1000_phase1	l1000_phase2	per_gene_population_zscore_dataset_cell_type	w4_delta_vs_source_centroid_deg_lfc_spearman_p05	0.07089479503241881	0.037699692856981104	0.10518837362544294	1060	985	242	ok	+0.071 [0.038, 0.105]
L1000 Phase1–L1000 Phase2	l1000_phase1	l1000_phase2	per_gene_population_zscore_dataset_cell_type	w4_delta_vs_source_peer_deg_lfc_spearman_p05	0.3284931963132472	0.29047339100371	0.3660987042299843	1060	985	242	ok	+0.328 [0.290, 0.366]
L1000 Phase1–L1000 Phase2	l1000_phase1	l1000_phase2	per_gene_population_zscore_dataset_cell_type	w4_delta_vs_target_centroid_deg_lfc_spearman_p05	0.14938011934070433	0.11667914505335049	0.18556870584034751	1060	985	242	ok	+0.149 [0.117, 0.186]
L1000 Phase1–L1000 Phase2	l1000_phase1	l1000_phase2	per_gene_population_zscore_dataset_cell_type	w4_delta_vs_target_peer_deg_lfc_spearman_p05	0.34634578009760536	0.3102995492585301	0.3836175552118213	1060	985	242	ok	+0.346 [0.310, 0.384]
L1000 Phase1–L1000 Phase2	l1000_phase1	l1000_phase2	per_gene_population_zscore_dataset_cell_type	w4_observed_deg_lfc_spearman_sym_p05	0.330808028072045	0.29352349941148626	0.36932376611828105	1060	985	242	ok	0.331 [0.294, 0.369]
L1000 Phase1–L1000 Phase2	l1000_phase1	l1000_phase2	per_gene_population_zscore_dataset_cell_type	w4_source_centroid_deg_lfc_spearman_pair_p05	0.2377088765130708	0.21139964142172865	0.25985418478152683	1060	1049	254	ok	0.238 [0.211, 0.260]
L1000 Phase1–L1000 Phase2	l1000_phase1	l1000_phase2	per_gene_population_zscore_dataset_cell_type	w4_source_peer_deg_lfc_spearman_pair_p05	-0.0020946260095380826	-0.007775613307192157	0.0038800487436576703	1060	1049	254	ok	-0.002 [-0.008, 0.004]
L1000 Phase1–L1000 Phase2	l1000_phase1	l1000_phase2	per_gene_population_zscore_dataset_cell_type	w4_source_peer_deg_lfc_spearman_pair_p05_corrected_percentile	0.7259389730857645	0.6995746592879981	0.750714921956045	1060	1049	254	ok	0.726 [0.700, 0.751]
L1000 Phase1–L1000 Phase2	l1000_phase1	l1000_phase2	per_gene_population_zscore_dataset_cell_type	w4_source_peer_deg_lfc_spearman_pair_p05_fraction_below_observed	0.7235252076850361	0.6970245391462075	0.7501516407443168	1060	1049	254	ok	0.724 [0.697, 0.750]
L1000 Phase1–L1000 Phase2	l1000_phase1	l1000_phase2	per_gene_population_zscore_dataset_cell_type	w4_source_peer_deg_lfc_spearman_pair_p05_sd_score	0.3538341072376587	0.34185240650570836	0.3661601153576391	1060	1049	254	ok	0.354 [0.342, 0.366]
L1000 Phase1–L1000 Phase2	l1000_phase1	l1000_phase2	per_gene_population_zscore_dataset_cell_type	w4_target_centroid_deg_lfc_spearman_pair_p05	0.15787741875134403	0.13825346944616737	0.17873513806301883	1060	1052	255	ok	0.158 [0.138, 0.179]
L1000 Phase1–L1000 Phase2	l1000_phase1	l1000_phase2	per_gene_population_zscore_dataset_cell_type	w4_target_peer_deg_lfc_spearman_pair_p05	-0.021757516635868526	-0.0261444719895474	-0.017491319561184958	1060	1052	255	ok	-0.022 [-0.026, -0.017]
L1000 Phase1–L1000 Phase2	l1000_phase1	l1000_phase2	per_gene_population_zscore_dataset_cell_type	w4_target_peer_deg_lfc_spearman_pair_p05_corrected_percentile	0.7472621817704385	0.7209792823765709	0.7711162319588	1060	1052	255	ok	0.747 [0.721, 0.771]
L1000 Phase1–L1000 Phase2	l1000_phase1	l1000_phase2	per_gene_population_zscore_dataset_cell_type	w4_target_peer_deg_lfc_spearman_pair_p05_fraction_below_observed	0.74512252469149	0.7199191275973357	0.7702870583715872	1060	1052	255	ok	0.745 [0.720, 0.770]
L1000 Phase1–L1000 Phase2	l1000_phase1	l1000_phase2	per_gene_population_zscore_dataset_cell_type	w4_target_peer_deg_lfc_spearman_pair_p05_sd_score	0.33414008321203725	0.3222513557718966	0.34704083722032864	1060	1051	255	ok	0.334 [0.322, 0.347]
L1000 Phase1–Sciplex	l1000_phase1	sciplex	per_gene_population_zscore_dataset_cell_type	w4_delta_vs_source_centroid_deg_lfc_spearman_p05	-0.057976367319262846	-0.1398182606763386	0.016011953353845705	162	71	51	ok	-0.058 [-0.140, 0.016]
L1000 Phase1–Sciplex	l1000_phase1	sciplex	per_gene_population_zscore_dataset_cell_type	w4_delta_vs_source_peer_deg_lfc_spearman_p05	0.2975101365728485	0.22793786667136415	0.36507251805256147	162	71	51	ok	+0.298 [0.228, 0.365]
L1000 Phase1–Sciplex	l1000_phase1	sciplex	per_gene_population_zscore_dataset_cell_type	w4_delta_vs_target_centroid_deg_lfc_spearman_p05	0.09288155012329175	0.016982131828148655	0.16781387075505932	162	71	51	ok	+0.093 [0.017, 0.168]
L1000 Phase1–Sciplex	l1000_phase1	sciplex	per_gene_population_zscore_dataset_cell_type	w4_delta_vs_target_peer_deg_lfc_spearman_p05	0.2971850368637743	0.22347108990455677	0.36681994363098114	162	71	51	ok	+0.297 [0.223, 0.367]
L1000 Phase1–Sciplex	l1000_phase1	sciplex	per_gene_population_zscore_dataset_cell_type	w4_observed_deg_lfc_spearman_sym_p05	0.3056155073855687	0.23312128882322378	0.37595928680337076	162	71	51	ok	0.306 [0.233, 0.376]
L1000 Phase1–Sciplex	l1000_phase1	sciplex	per_gene_population_zscore_dataset_cell_type	w4_source_centroid_deg_lfc_spearman_pair_p05	0.296892008391165	0.2378396480050789	0.3464924088777283	162	147	87	ok	0.297 [0.238, 0.346]
L1000 Phase1–Sciplex	l1000_phase1	sciplex	per_gene_population_zscore_dataset_cell_type	w4_source_peer_deg_lfc_spearman_pair_p05	-0.0014047102615574476	-0.011557319438197964	0.007224488255712342	162	147	87	ok	-0.001 [-0.012, 0.007]
L1000 Phase1–Sciplex	l1000_phase1	sciplex	per_gene_population_zscore_dataset_cell_type	w4_source_peer_deg_lfc_spearman_pair_p05_corrected_percentile	0.6412889518424115	0.5938985700288876	0.6827030314616992	162	147	87	ok	0.641 [0.594, 0.683]
L1000 Phase1–Sciplex	l1000_phase1	sciplex	per_gene_population_zscore_dataset_cell_type	w4_source_peer_deg_lfc_spearman_pair_p05_fraction_below_observed	0.639234584608477	0.595416572837838	0.6832455664617928	162	147	87	ok	0.639 [0.595, 0.683]
L1000 Phase1–Sciplex	l1000_phase1	sciplex	per_gene_population_zscore_dataset_cell_type	w4_source_peer_deg_lfc_spearman_pair_p05_sd_score	0.3631593586105922	0.3402460255966866	0.39316840527070673	162	147	87	ok	0.363 [0.340, 0.393]
L1000 Phase1–Sciplex	l1000_phase1	sciplex	per_gene_population_zscore_dataset_cell_type	w4_target_centroid_deg_lfc_spearman_pair_p05	0.16188938023971722	0.11263288207797828	0.20774449477533588	162	147	87	ok	0.162 [0.113, 0.208]
L1000 Phase1–Sciplex	l1000_phase1	sciplex	per_gene_population_zscore_dataset_cell_type	w4_target_peer_deg_lfc_spearman_pair_p05	0.010133816107353505	0.004964486674291764	0.015353163754818516	162	147	87	ok	0.010 [0.005, 0.015]
L1000 Phase1–Sciplex	l1000_phase1	sciplex	per_gene_population_zscore_dataset_cell_type	w4_target_peer_deg_lfc_spearman_pair_p05_corrected_percentile	0.6521116644077968	0.5997734214681533	0.701549005359734	162	147	87	ok	0.652 [0.600, 0.702]
L1000 Phase1–Sciplex	l1000_phase1	sciplex	per_gene_population_zscore_dataset_cell_type	w4_target_peer_deg_lfc_spearman_pair_p05_fraction_below_observed	0.6502978411927316	0.5953928596182082	0.6989814263429621	162	147	87	ok	0.650 [0.595, 0.699]
L1000 Phase1–Sciplex	l1000_phase1	sciplex	per_gene_population_zscore_dataset_cell_type	w4_target_peer_deg_lfc_spearman_pair_p05_sd_score	0.3060839907391162	0.277370780125744	0.341693177039848	162	147	87	ok	0.306 [0.277, 0.342]
L1000 Phase1–Tahoe	l1000_phase1	tahoe	per_gene_population_zscore_dataset_cell_type	w4_delta_vs_source_centroid_deg_lfc_spearman_p05	-0.14531420489229238	-0.27905863434644423	-0.004354863259383829	114	50	40	ok	-0.145 [-0.279, -0.004]
L1000 Phase1–Tahoe	l1000_phase1	tahoe	per_gene_population_zscore_dataset_cell_type	w4_delta_vs_source_peer_deg_lfc_spearman_p05	0.11788512134950721	-0.001535548151958457	0.21667984201979057	114	50	40	ok	+0.118 [-0.002, 0.217]
L1000 Phase1–Tahoe	l1000_phase1	tahoe	per_gene_population_zscore_dataset_cell_type	w4_delta_vs_target_centroid_deg_lfc_spearman_p05	0.09680482464126966	-0.05640416648812423	0.21073769083225105	114	50	40	ok	+0.097 [-0.056, 0.211]
L1000 Phase1–Tahoe	l1000_phase1	tahoe	per_gene_population_zscore_dataset_cell_type	w4_delta_vs_target_peer_deg_lfc_spearman_p05	0.11250624998524227	-0.0012960007064873177	0.21951156133794827	114	50	40	ok	+0.113 [-0.001, 0.220]
L1000 Phase1–Tahoe	l1000_phase1	tahoe	per_gene_population_zscore_dataset_cell_type	w4_observed_deg_lfc_spearman_sym_p05	0.11789339289631406	0.008490858117374312	0.2216891338808222	114	50	40	ok	0.118 [0.008, 0.222]
L1000 Phase1–Tahoe	l1000_phase1	tahoe	per_gene_population_zscore_dataset_cell_type	w4_source_centroid_deg_lfc_spearman_pair_p05	0.2322808455629844	0.15839698250929446	0.30322293781863435	114	105	80	ok	0.232 [0.158, 0.303]
L1000 Phase1–Tahoe	l1000_phase1	tahoe	per_gene_population_zscore_dataset_cell_type	w4_source_peer_deg_lfc_spearman_pair_p05	-0.0037962031078210765	-0.0141770610108131	0.00585092041732057	114	105	80	ok	-0.004 [-0.014, 0.006]
L1000 Phase1–Tahoe	l1000_phase1	tahoe	per_gene_population_zscore_dataset_cell_type	w4_source_peer_deg_lfc_spearman_pair_p05_corrected_percentile	0.6095572085217571	0.549053671437463	0.6708933537796108	114	105	80	ok	0.610 [0.549, 0.671]
L1000 Phase1–Tahoe	l1000_phase1	tahoe	per_gene_population_zscore_dataset_cell_type	w4_source_peer_deg_lfc_spearman_pair_p05_fraction_below_observed	0.6079143490938431	0.5454133334491144	0.6698152072529442	114	105	80	ok	0.608 [0.545, 0.670]
L1000 Phase1–Tahoe	l1000_phase1	tahoe	per_gene_population_zscore_dataset_cell_type	w4_source_peer_deg_lfc_spearman_pair_p05_sd_score	0.40342085581243503	0.3684781827582075	0.44293655314505803	114	105	80	ok	0.403 [0.368, 0.443]
L1000 Phase1–Tahoe	l1000_phase1	tahoe	per_gene_population_zscore_dataset_cell_type	w4_target_centroid_deg_lfc_spearman_pair_p05	0.034185982371137874	-0.04502496514566809	0.10869556812100112	114	106	80	ok	0.034 [-0.045, 0.109]
L1000 Phase1–Tahoe	l1000_phase1	tahoe	per_gene_population_zscore_dataset_cell_type	w4_target_peer_deg_lfc_spearman_pair_p05	0.006666868063159479	-0.0042282713118703494	0.016037659235463225	114	106	80	ok	0.007 [-0.004, 0.016]
L1000 Phase1–Tahoe	l1000_phase1	tahoe	per_gene_population_zscore_dataset_cell_type	w4_target_peer_deg_lfc_spearman_pair_p05_corrected_percentile	0.605544234390706	0.5384660202685462	0.670415240238581	114	106	80	ok	0.606 [0.538, 0.670]
L1000 Phase1–Tahoe	l1000_phase1	tahoe	per_gene_population_zscore_dataset_cell_type	w4_target_peer_deg_lfc_spearman_pair_p05_fraction_below_observed	0.6046302102772586	0.5388213629340564	0.6698427875786934	114	106	80	ok	0.605 [0.539, 0.670]
L1000 Phase1–Tahoe	l1000_phase1	tahoe	per_gene_population_zscore_dataset_cell_type	w4_target_peer_deg_lfc_spearman_pair_p05_sd_score	0.3491031223096645	0.30776499106367483	0.3990739678362484	114	106	80	ok	0.349 [0.308, 0.399]
L1000 Phase2–Cigs Mce	l1000_phase2	cigs_mce	per_gene_population_zscore_dataset_cell_type	w4_delta_vs_source_centroid_deg_lfc_spearman_p05	0.6022392226031666	0.478833106921371	0.6909286721310904	68	57	57	ok	+0.602 [0.479, 0.691]
L1000 Phase2–Cigs Mce	l1000_phase2	cigs_mce	per_gene_population_zscore_dataset_cell_type	w4_delta_vs_source_peer_deg_lfc_spearman_p05	0.31891075750299186	0.24215570529598418	0.39032955237296785	68	57	57	ok	+0.319 [0.242, 0.390]
L1000 Phase2–Cigs Mce	l1000_phase2	cigs_mce	per_gene_population_zscore_dataset_cell_type	w4_delta_vs_target_centroid_deg_lfc_spearman_p05	0.38583561144589695	0.2588944967432921	0.4853256265842707	68	57	57	ok	+0.386 [0.259, 0.485]
L1000 Phase2–Cigs Mce	l1000_phase2	cigs_mce	per_gene_population_zscore_dataset_cell_type	w4_delta_vs_target_peer_deg_lfc_spearman_p05	0.3337590232778288	0.2451345593371827	0.39800287714938815	68	57	57	ok	+0.334 [0.245, 0.398]
L1000 Phase2–Cigs Mce	l1000_phase2	cigs_mce	per_gene_population_zscore_dataset_cell_type	w4_observed_deg_lfc_spearman_sym_p05	0.39915910193148274	0.3070556251502403	0.4697729566604508	68	57	57	ok	0.399 [0.307, 0.470]
L1000 Phase2–Cigs Mce	l1000_phase2	cigs_mce	per_gene_population_zscore_dataset_cell_type	w4_source_centroid_deg_lfc_spearman_pair_p05	-0.1017734646684634	-0.17448968359911438	-0.02116751907120313	68	67	67	ok	-0.102 [-0.174, -0.021]
L1000 Phase2–Cigs Mce	l1000_phase2	cigs_mce	per_gene_population_zscore_dataset_cell_type	w4_source_peer_deg_lfc_spearman_pair_p05	0.09530512479730753	0.07696736399719656	0.11430318781985503	68	67	67	ok	0.095 [0.077, 0.114]
L1000 Phase2–Cigs Mce	l1000_phase2	cigs_mce	per_gene_population_zscore_dataset_cell_type	w4_source_peer_deg_lfc_spearman_pair_p05_corrected_percentile	0.6970124461382977	0.6297509054682636	0.7600712407937236	68	67	67	ok	0.697 [0.630, 0.760]
L1000 Phase2–Cigs Mce	l1000_phase2	cigs_mce	per_gene_population_zscore_dataset_cell_type	w4_source_peer_deg_lfc_spearman_pair_p05_fraction_below_observed	0.6952187674571616	0.6259670302451232	0.7543782541987166	68	67	67	ok	0.695 [0.626, 0.754]
L1000 Phase2–Cigs Mce	l1000_phase2	cigs_mce	per_gene_population_zscore_dataset_cell_type	w4_source_peer_deg_lfc_spearman_pair_p05_sd_score	0.3295338286198161	0.30487015356902497	0.3635063292503333	68	67	67	ok	0.330 [0.305, 0.364]
L1000 Phase2–Cigs Mce	l1000_phase2	cigs_mce	per_gene_population_zscore_dataset_cell_type	w4_target_centroid_deg_lfc_spearman_pair_p05	0.0022213368458307093	-0.05666924146501714	0.05447745827358616	68	67	67	ok	0.002 [-0.057, 0.054]
L1000 Phase2–Cigs Mce	l1000_phase2	cigs_mce	per_gene_population_zscore_dataset_cell_type	w4_target_peer_deg_lfc_spearman_pair_p05	0.0527847601148983	0.03345073691404559	0.06967758099318387	68	67	67	ok	0.053 [0.033, 0.070]
L1000 Phase2–Cigs Mce	l1000_phase2	cigs_mce	per_gene_population_zscore_dataset_cell_type	w4_target_peer_deg_lfc_spearman_pair_p05_corrected_percentile	0.7950121476215839	0.7191210420111395	0.8530861587204466	68	67	67	ok	0.795 [0.719, 0.853]
L1000 Phase2–Cigs Mce	l1000_phase2	cigs_mce	per_gene_population_zscore_dataset_cell_type	w4_target_peer_deg_lfc_spearman_pair_p05_fraction_below_observed	0.7943676157294605	0.7220765412520028	0.850465635920178	68	67	67	ok	0.794 [0.722, 0.850]
L1000 Phase2–Cigs Mce	l1000_phase2	cigs_mce	per_gene_population_zscore_dataset_cell_type	w4_target_peer_deg_lfc_spearman_pair_p05_sd_score	0.2617452990640947	0.2316043709750507	0.29841668294910356	68	67	67	ok	0.262 [0.232, 0.298]
L1000 Phase2–Sciplex	l1000_phase2	sciplex	per_gene_population_zscore_dataset_cell_type	w4_delta_vs_source_centroid_deg_lfc_spearman_p05	0.08637526401467069	-0.018482999556972062	0.19629023117163716	127	65	51	ok	+0.086 [-0.018, 0.196]
L1000 Phase2–Sciplex	l1000_phase2	sciplex	per_gene_population_zscore_dataset_cell_type	w4_delta_vs_source_peer_deg_lfc_spearman_p05	0.39822152001912825	0.3098057323083271	0.46581631498306303	127	65	51	ok	+0.398 [0.310, 0.466]
L1000 Phase2–Sciplex	l1000_phase2	sciplex	per_gene_population_zscore_dataset_cell_type	w4_delta_vs_target_centroid_deg_lfc_spearman_p05	0.18202760580215568	0.06892424382564856	0.26969182204660136	127	65	51	ok	+0.182 [0.069, 0.270]
L1000 Phase2–Sciplex	l1000_phase2	sciplex	per_gene_population_zscore_dataset_cell_type	w4_delta_vs_target_peer_deg_lfc_spearman_p05	0.3881030913746931	0.30393901484224595	0.457452621395434	127	65	51	ok	+0.388 [0.304, 0.457]
L1000 Phase2–Sciplex	l1000_phase2	sciplex	per_gene_population_zscore_dataset_cell_type	w4_observed_deg_lfc_spearman_sym_p05	0.38928108981489296	0.3012152845523979	0.45527775772479434	127	65	51	ok	0.389 [0.301, 0.455]
L1000 Phase2–Sciplex	l1000_phase2	sciplex	per_gene_population_zscore_dataset_cell_type	w4_source_centroid_deg_lfc_spearman_pair_p05	0.0724873561049415	0.006355706506511916	0.13299390101736508	127	123	81	ok	0.072 [0.006, 0.133]
L1000 Phase2–Sciplex	l1000_phase2	sciplex	per_gene_population_zscore_dataset_cell_type	w4_source_peer_deg_lfc_spearman_pair_p05	-0.040329893928581675	-0.051249207763504466	-0.029295789695556025	127	123	81	ok	-0.040 [-0.051, -0.029]
L1000 Phase2–Sciplex	l1000_phase2	sciplex	per_gene_population_zscore_dataset_cell_type	w4_source_peer_deg_lfc_spearman_pair_p05_corrected_percentile	0.6748619464674318	0.6265570300424969	0.7186156295905807	127	123	81	ok	0.675 [0.627, 0.719]
L1000 Phase2–Sciplex	l1000_phase2	sciplex	per_gene_population_zscore_dataset_cell_type	w4_source_peer_deg_lfc_spearman_pair_p05_fraction_below_observed	0.6740419639099369	0.6269412367012274	0.7194756196032218	127	123	81	ok	0.674 [0.627, 0.719]
L1000 Phase2–Sciplex	l1000_phase2	sciplex	per_gene_population_zscore_dataset_cell_type	w4_source_peer_deg_lfc_spearman_pair_p05_sd_score	0.4222833966497439	0.3884006933153988	0.46180333957310543	127	123	81	ok	0.422 [0.388, 0.462]
L1000 Phase2–Sciplex	l1000_phase2	sciplex	per_gene_population_zscore_dataset_cell_type	w4_target_centroid_deg_lfc_spearman_pair_p05	0.05410408708031463	-0.006701881398842743	0.11023719676956759	127	123	81	ok	0.054 [-0.007, 0.110]
L1000 Phase2–Sciplex	l1000_phase2	sciplex	per_gene_population_zscore_dataset_cell_type	w4_target_peer_deg_lfc_spearman_pair_p05	-0.0035153910918848848	-0.011839015988495948	0.0026636125018800047	127	123	81	ok	-0.004 [-0.012, 0.003]
L1000 Phase2–Sciplex	l1000_phase2	sciplex	per_gene_population_zscore_dataset_cell_type	w4_target_peer_deg_lfc_spearman_pair_p05_corrected_percentile	0.6743408908882415	0.6244494671523831	0.7216308130162278	127	123	81	ok	0.674 [0.624, 0.722]
L1000 Phase2–Sciplex	l1000_phase2	sciplex	per_gene_population_zscore_dataset_cell_type	w4_target_peer_deg_lfc_spearman_pair_p05_fraction_below_observed	0.6726501760275175	0.6205180692311092	0.7224069836367798	127	123	81	ok	0.673 [0.621, 0.722]
L1000 Phase2–Sciplex	l1000_phase2	sciplex	per_gene_population_zscore_dataset_cell_type	w4_target_peer_deg_lfc_spearman_pair_p05_sd_score	0.3727409521378336	0.3349302756460453	0.41690612928590287	127	123	81	ok	0.373 [0.335, 0.417]
L1000 Phase2–Tahoe	l1000_phase2	tahoe	per_gene_population_zscore_dataset_cell_type	w4_delta_vs_source_centroid_deg_lfc_spearman_p05	0.05346935727406199	-0.0705637009631474	0.1536039728988107	134	77	63	ok	+0.053 [-0.071, 0.154]
L1000 Phase2–Tahoe	l1000_phase2	tahoe	per_gene_population_zscore_dataset_cell_type	w4_delta_vs_source_peer_deg_lfc_spearman_p05	0.14957103937428784	0.06040478228256831	0.23808828428225423	134	77	63	ok	+0.150 [0.060, 0.238]
L1000 Phase2–Tahoe	l1000_phase2	tahoe	per_gene_population_zscore_dataset_cell_type	w4_delta_vs_target_centroid_deg_lfc_spearman_p05	0.055017647734090624	-0.06062272366336101	0.15915685238564678	134	77	63	ok	+0.055 [-0.061, 0.159]
L1000 Phase2–Tahoe	l1000_phase2	tahoe	per_gene_population_zscore_dataset_cell_type	w4_delta_vs_target_peer_deg_lfc_spearman_p05	0.09985030727229124	0.016743884274125726	0.18326309223028622	134	77	63	ok	+0.100 [0.017, 0.183]
L1000 Phase2–Tahoe	l1000_phase2	tahoe	per_gene_population_zscore_dataset_cell_type	w4_observed_deg_lfc_spearman_sym_p05	0.1126951824473509	0.031088856320694486	0.19647817786862645	134	77	63	ok	0.113 [0.031, 0.196]
L1000 Phase2–Tahoe	l1000_phase2	tahoe	per_gene_population_zscore_dataset_cell_type	w4_source_centroid_deg_lfc_spearman_pair_p05	0.01419196233808185	-0.05385846690934454	0.07130307821688865	134	132	108	ok	0.014 [-0.054, 0.071]
L1000 Phase2–Tahoe	l1000_phase2	tahoe	per_gene_population_zscore_dataset_cell_type	w4_source_peer_deg_lfc_spearman_pair_p05	-0.06834600407050356	-0.08133607733205481	-0.05543550085828469	134	132	108	ok	-0.068 [-0.081, -0.055]
L1000 Phase2–Tahoe	l1000_phase2	tahoe	per_gene_population_zscore_dataset_cell_type	w4_source_peer_deg_lfc_spearman_pair_p05_corrected_percentile	0.6096859810943737	0.5696641651691436	0.6473169576574169	134	132	108	ok	0.610 [0.570, 0.647]
L1000 Phase2–Tahoe	l1000_phase2	tahoe	per_gene_population_zscore_dataset_cell_type	w4_source_peer_deg_lfc_spearman_pair_p05_fraction_below_observed	0.6090494790564939	0.5705023610207552	0.6475240291123004	134	132	108	ok	0.609 [0.571, 0.648]
L1000 Phase2–Tahoe	l1000_phase2	tahoe	per_gene_population_zscore_dataset_cell_type	w4_source_peer_deg_lfc_spearman_pair_p05_sd_score	0.47048242995995504	0.43931129127761537	0.5079071842330556	134	132	108	ok	0.470 [0.439, 0.508]
L1000 Phase2–Tahoe	l1000_phase2	tahoe	per_gene_population_zscore_dataset_cell_type	w4_target_centroid_deg_lfc_spearman_pair_p05	-0.008232456813327155	-0.06447551625581632	0.046186199710032974	134	132	108	ok	-0.008 [-0.064, 0.046]
L1000 Phase2–Tahoe	l1000_phase2	tahoe	per_gene_population_zscore_dataset_cell_type	w4_target_peer_deg_lfc_spearman_pair_p05	-6.0898957069418765e-05	-0.009895741723091819	0.00853524567206596	134	132	108	ok	-0.000 [-0.010, 0.009]
L1000 Phase2–Tahoe	l1000_phase2	tahoe	per_gene_population_zscore_dataset_cell_type	w4_target_peer_deg_lfc_spearman_pair_p05_corrected_percentile	0.5635943407836445	0.525746439788985	0.6053373088577202	134	132	108	ok	0.564 [0.526, 0.605]
L1000 Phase2–Tahoe	l1000_phase2	tahoe	per_gene_population_zscore_dataset_cell_type	w4_target_peer_deg_lfc_spearman_pair_p05_fraction_below_observed	0.562579194421188	0.5231344948463911	0.6038304974532677	134	132	108	ok	0.563 [0.523, 0.604]
L1000 Phase2–Tahoe	l1000_phase2	tahoe	per_gene_population_zscore_dataset_cell_type	w4_target_peer_deg_lfc_spearman_pair_p05_sd_score	0.4403432155367023	0.4028478474245245	0.4806622614407041	134	132	108	ok	0.440 [0.403, 0.481]
Tahoe–Sciplex	tahoe	sciplex	per_gene_population_zscore_dataset_cell_type	w4_delta_vs_source_centroid_deg_lfc_spearman_p05	0.207525509627974	0.03335146089213657	0.3542304655893928	23	14	14	ok	+0.208 [0.033, 0.354]
Tahoe–Sciplex	tahoe	sciplex	per_gene_population_zscore_dataset_cell_type	w4_delta_vs_source_peer_deg_lfc_spearman_p05	0.2567986912975745	0.11725576311762761	0.38062755471147625	23	14	14	ok	+0.257 [0.117, 0.381]
Tahoe–Sciplex	tahoe	sciplex	per_gene_population_zscore_dataset_cell_type	w4_delta_vs_target_centroid_deg_lfc_spearman_p05	0.2099134529418458	-0.02128215390423681	0.39338686548220625	23	14	14	ok	+0.210 [-0.021, 0.393]
Tahoe–Sciplex	tahoe	sciplex	per_gene_population_zscore_dataset_cell_type	w4_delta_vs_target_peer_deg_lfc_spearman_p05	0.25071944206519475	0.1255742204743784	0.3735898084373548	23	14	14	ok	+0.251 [0.126, 0.374]
Tahoe–Sciplex	tahoe	sciplex	per_gene_population_zscore_dataset_cell_type	w4_observed_deg_lfc_spearman_sym_p05	0.25411821245356025	0.13051851276064377	0.37983810678212065	23	14	14	ok	0.254 [0.131, 0.380]
Tahoe–Sciplex	tahoe	sciplex	per_gene_population_zscore_dataset_cell_type	w4_source_centroid_deg_lfc_spearman_pair_p05	0.1291195896580937	0.0020546524607714944	0.23434275459761061	23	23	23	ok	0.129 [0.002, 0.234]
Tahoe–Sciplex	tahoe	sciplex	per_gene_population_zscore_dataset_cell_type	w4_source_peer_deg_lfc_spearman_pair_p05	0.00933654238871144	-0.0024670705129493527	0.02031045288043811	23	23	23	ok	0.009 [-0.002, 0.020]
Tahoe–Sciplex	tahoe	sciplex	per_gene_population_zscore_dataset_cell_type	w4_source_peer_deg_lfc_spearman_pair_p05_corrected_percentile	0.6184988239276029	0.5134411431121902	0.708552861412426	23	23	23	ok	0.618 [0.513, 0.709]
Tahoe–Sciplex	tahoe	sciplex	per_gene_population_zscore_dataset_cell_type	w4_source_peer_deg_lfc_spearman_pair_p05_fraction_below_observed	0.6170200035195483	0.5051465235587274	0.7083064589234046	23	23	23	ok	0.617 [0.505, 0.708]
Tahoe–Sciplex	tahoe	sciplex	per_gene_population_zscore_dataset_cell_type	w4_source_peer_deg_lfc_spearman_pair_p05_sd_score	0.4276567607117828	0.3620419956701048	0.5139122919630796	23	23	23	ok	0.428 [0.362, 0.514]
Tahoe–Sciplex	tahoe	sciplex	per_gene_population_zscore_dataset_cell_type	w4_target_centroid_deg_lfc_spearman_pair_p05	-0.00626030973345263	-0.11500345745035599	0.1305769875074682	23	23	23	ok	-0.006 [-0.115, 0.131]
Tahoe–Sciplex	tahoe	sciplex	per_gene_population_zscore_dataset_cell_type	w4_target_peer_deg_lfc_spearman_pair_p05	-0.0013490934432815224	-0.017318232033114257	0.014804990779934565	23	23	23	ok	-0.001 [-0.017, 0.015]
Tahoe–Sciplex	tahoe	sciplex	per_gene_population_zscore_dataset_cell_type	w4_target_peer_deg_lfc_spearman_pair_p05_corrected_percentile	0.6407868114020728	0.5252452669453569	0.7302476129238757	23	23	23	ok	0.641 [0.525, 0.730]
Tahoe–Sciplex	tahoe	sciplex	per_gene_population_zscore_dataset_cell_type	w4_target_peer_deg_lfc_spearman_pair_p05_fraction_below_observed	0.6392476977988918	0.5242466357306146	0.7316221987794812	23	23	23	ok	0.639 [0.524, 0.732]
Tahoe–Sciplex	tahoe	sciplex	per_gene_population_zscore_dataset_cell_type	w4_target_peer_deg_lfc_spearman_pair_p05_sd_score	0.36776126994364233	0.2976468564406125	0.4545921946636965	23	23	23	ok	0.368 [0.298, 0.455]
