dataset_a	dataset_b	scale_variant	summary_level	metric	value_col	mean	ci_low	ci_high	ci_half_width	ci_method	ci_status	ci_level	n_bootstrap_iterations	n_bootstrap_valid	n_rows	n_finite_rows	n_compounds	cluster_col	inner_strata	outer_strata	uncertainty_scope
cigs_mce	cigs_tcm	raw	table_5_dataset_pair	observed_direction_agreement_p05	mean_observed_direction_agreement_p05	0.9233007712062548	0.8922792973575421	0.9486477990578316	0.028184250850144754	bca	ok	0.95	2000	2000	1910	230	161	pubchem_cid			95% BCa bootstrap CI clustered by PubChem compound; uncertainty is over the observed compound panel, not broader chemical space.
cigs_mce	cigs_tcm	raw	table_5_dataset_pair	baseline_pair_direction_agreement_p05	mean_baseline_pair_direction_agreement_p05	0.7361058587592503	0.7206060654776616	0.7517024002806918	0.0155481674015151	bca	ok	0.95	2000	2000	1910	1295	846	pubchem_cid			95% BCa bootstrap CI clustered by PubChem compound; uncertainty is over the observed compound panel, not broader chemical space.
cigs_mce	cigs_tcm	raw	table_5_dataset_pair	delta_vs_baseline_pair_direction_agreement_p05	mean_delta_vs_baseline_pair_direction_agreement_p05	0.16443113314846886	0.12630948369042602	0.1952383242546632	0.03446442028211859	bca	ok	0.95	2000	2000	1910	230	161	pubchem_cid			95% BCa bootstrap CI clustered by PubChem compound; uncertainty is over the observed compound panel, not broader chemical space.
cigs_mce	cigs_tcm	raw	table_5_dataset_pair	raw_source_centroid_direction_agreement_pair_p05	mean_raw_source_centroid_direction_agreement_pair_p05	0.7361058587592503	0.7207894114001194	0.7519944523337994	0.015602520466839964	bca	ok	0.95	2000	2000	1910	1295	846	pubchem_cid			95% BCa bootstrap CI clustered by PubChem compound; uncertainty is over the observed compound panel, not broader chemical space.
cigs_mce	cigs_tcm	raw	table_5_dataset_pair	raw_delta_vs_source_centroid_direction_agreement_p05	mean_raw_delta_vs_source_centroid_direction_agreement_p05	0.16443113314846886	0.12647397906831528	0.19624993002256397	0.03488797547712434	bca	ok	0.95	2000	2000	1910	230	161	pubchem_cid			95% BCa bootstrap CI clustered by PubChem compound; uncertainty is over the observed compound panel, not broader chemical space.
cigs_mce	cigs_tcm	raw	table_5_dataset_pair	raw_target_centroid_direction_agreement_pair_p05	mean_raw_target_centroid_direction_agreement_pair_p05	0.5617835705330902	0.5453818924459163	0.5788141727205914	0.016716140137337576	bca	ok	0.95	2000	2000	1910	1288	843	pubchem_cid			95% BCa bootstrap CI clustered by PubChem compound; uncertainty is over the observed compound panel, not broader chemical space.
cigs_mce	cigs_tcm	raw	table_5_dataset_pair	raw_delta_vs_target_centroid_direction_agreement_p05	mean_raw_delta_vs_target_centroid_direction_agreement_p05	0.26418848111555	0.2299974124868705	0.2951919192080687	0.0325972533605991	bca	ok	0.95	2000	2000	1910	230	161	pubchem_cid			95% BCa bootstrap CI clustered by PubChem compound; uncertainty is over the observed compound panel, not broader chemical space.
cigs_mce	cigs_tcm	raw	table_5_dataset_pair	raw_source_peer_direction_agreement_pair_p05	mean_raw_source_peer_direction_agreement_pair_p05	0.559328999254545	0.554935625679396	0.564558864633288	0.004811619476945972	bca	ok	0.95	2000	2000	1910	230	161	pubchem_cid			95% BCa bootstrap CI clustered by PubChem compound; uncertainty is over the observed compound panel, not broader chemical space.
cigs_mce	cigs_tcm	raw	table_5_dataset_pair	raw_delta_vs_source_peer_direction_agreement_p05	mean_raw_delta_vs_source_peer_direction_agreement_p05	0.36397177195170966	0.33190840346762496	0.3888290515107068	0.028460324021540917	bca	ok	0.95	2000	2000	1910	230	161	pubchem_cid			95% BCa bootstrap CI clustered by PubChem compound; uncertainty is over the observed compound panel, not broader chemical space.
cigs_mce	cigs_tcm	raw	table_5_dataset_pair	raw_source_peer_direction_agreement_pair_p05_sd_score	mean_raw_source_peer_direction_agreement_pair_p05_sd_score	0.15386019552562924	0.14317778162656022	0.16667169678868404	0.01174695758106191	bca	ok	0.95	2000	2000	1910	230	161	pubchem_cid			95% BCa bootstrap CI clustered by PubChem compound; uncertainty is over the observed compound panel, not broader chemical space.
cigs_mce	cigs_tcm	raw	table_5_dataset_pair	raw_source_peer_direction_agreement_pair_p05_fraction_below_observed	mean_raw_source_peer_direction_agreement_pair_p05_fraction_below_observed	0.8727496603260869	0.834774027358791	0.9011496103607712	0.033187791500990105	bca	ok	0.95	2000	2000	1910	230	161	pubchem_cid			95% BCa bootstrap CI clustered by PubChem compound; uncertainty is over the observed compound panel, not broader chemical space.
cigs_mce	cigs_tcm	raw	table_5_dataset_pair	raw_source_peer_direction_agreement_pair_p05_corrected_percentile	mean_raw_source_peer_direction_agreement_pair_p05_corrected_percentile	0.8732447978345458	0.8338733861357447	0.9034859011423505	0.034806257503302906	bca	ok	0.95	2000	2000	1910	230	161	pubchem_cid			95% BCa bootstrap CI clustered by PubChem compound; uncertainty is over the observed compound panel, not broader chemical space.
cigs_mce	cigs_tcm	raw	table_5_dataset_pair	raw_target_peer_direction_agreement_pair_p05	mean_raw_target_peer_direction_agreement_pair_p05	0.5305532229890645	0.5275260004325845	0.5345616377249595	0.0035178186461874983	bca	ok	0.95	2000	2000	1910	230	161	pubchem_cid			95% BCa bootstrap CI clustered by PubChem compound; uncertainty is over the observed compound panel, not broader chemical space.
cigs_mce	cigs_tcm	raw	table_5_dataset_pair	raw_delta_vs_target_peer_direction_agreement_p05	mean_raw_delta_vs_target_peer_direction_agreement_p05	0.3927475482171902	0.35954323923662695	0.4161361221449605	0.028296441454166765	bca	ok	0.95	2000	2000	1910	230	161	pubchem_cid			95% BCa bootstrap CI clustered by PubChem compound; uncertainty is over the observed compound panel, not broader chemical space.
cigs_mce	cigs_tcm	raw	table_5_dataset_pair	raw_target_peer_direction_agreement_pair_p05_sd_score	mean_raw_target_peer_direction_agreement_pair_p05_sd_score	0.13858811390191514	0.1267274217305447	0.15116689981320652	0.012219739041330918	bca	ok	0.95	2000	2000	1910	230	161	pubchem_cid			95% BCa bootstrap CI clustered by PubChem compound; uncertainty is over the observed compound panel, not broader chemical space.
cigs_mce	cigs_tcm	raw	table_5_dataset_pair	raw_target_peer_direction_agreement_pair_p05_fraction_below_observed	mean_raw_target_peer_direction_agreement_pair_p05_fraction_below_observed	0.8837296195652173	0.8459660666795205	0.9125026208736918	0.033268277097085686	bca	ok	0.95	2000	2000	1910	230	161	pubchem_cid			95% BCa bootstrap CI clustered by PubChem compound; uncertainty is over the observed compound panel, not broader chemical space.
cigs_mce	cigs_tcm	raw	table_5_dataset_pair	raw_target_peer_direction_agreement_pair_p05_corrected_percentile	mean_raw_target_peer_direction_agreement_pair_p05_corrected_percentile	0.8841820334968702	0.8460730481260069	0.9118181559804541	0.0328725539272236	bca	ok	0.95	2000	2000	1910	230	161	pubchem_cid			95% BCa bootstrap CI clustered by PubChem compound; uncertainty is over the observed compound panel, not broader chemical space.
l1000_phase1	cigs_mce	raw	table_5_dataset_pair	observed_direction_agreement_p05	mean_observed_direction_agreement_p05	0.8726738576891024	0.7999544505802876	0.9177188164192432	0.05888218291947783	bca	ok	0.95	2000	2000	127	55	55	pubchem_cid			95% BCa bootstrap CI clustered by PubChem compound; uncertainty is over the observed compound panel, not broader chemical space.
l1000_phase1	cigs_mce	raw	table_5_dataset_pair	baseline_pair_direction_agreement_p05	mean_baseline_pair_direction_agreement_p05	0.8178820348267476	0.7879900709877486	0.8422410581575	0.027125493584875704	bca	ok	0.95	2000	2000	127	124	121	pubchem_cid			95% BCa bootstrap CI clustered by PubChem compound; uncertainty is over the observed compound panel, not broader chemical space.
l1000_phase1	cigs_mce	raw	table_5_dataset_pair	delta_vs_baseline_pair_direction_agreement_p05	mean_delta_vs_baseline_pair_direction_agreement_p05	0.05256238153734799	-0.01931305102846018	0.10294241375495393	0.06112773239170705	bca	ok	0.95	2000	2000	127	55	55	pubchem_cid			95% BCa bootstrap CI clustered by PubChem compound; uncertainty is over the observed compound panel, not broader chemical space.
l1000_phase1	cigs_mce	raw	table_5_dataset_pair	raw_source_centroid_direction_agreement_pair_p05	mean_raw_source_centroid_direction_agreement_pair_p05	0.8178820348267476	0.7879703370746056	0.8415911406528852	0.026810401789139793	bca	ok	0.95	2000	2000	127	124	121	pubchem_cid			95% BCa bootstrap CI clustered by PubChem compound; uncertainty is over the observed compound panel, not broader chemical space.
l1000_phase1	cigs_mce	raw	table_5_dataset_pair	raw_delta_vs_source_centroid_direction_agreement_p05	mean_raw_delta_vs_source_centroid_direction_agreement_p05	0.05256238153734799	-0.019591683548784253	0.10274288435700726	0.06116728395289576	bca	ok	0.95	2000	2000	127	55	55	pubchem_cid			95% BCa bootstrap CI clustered by PubChem compound; uncertainty is over the observed compound panel, not broader chemical space.
l1000_phase1	cigs_mce	raw	table_5_dataset_pair	raw_target_centroid_direction_agreement_pair_p05	mean_raw_target_centroid_direction_agreement_pair_p05	0.6853933766730123	0.654001842984556	0.70969070745451	0.027844432234977012	bca	ok	0.95	2000	2000	127	124	121	pubchem_cid			95% BCa bootstrap CI clustered by PubChem compound; uncertainty is over the observed compound panel, not broader chemical space.
l1000_phase1	cigs_mce	raw	table_5_dataset_pair	raw_delta_vs_target_centroid_direction_agreement_p05	mean_raw_delta_vs_target_centroid_direction_agreement_p05	0.1712009775273514	0.09970552065576799	0.2165951060108261	0.058444792677529056	bca	ok	0.95	2000	2000	127	55	55	pubchem_cid			95% BCa bootstrap CI clustered by PubChem compound; uncertainty is over the observed compound panel, not broader chemical space.
l1000_phase1	cigs_mce	raw	table_5_dataset_pair	raw_source_peer_direction_agreement_pair_p05	mean_raw_source_peer_direction_agreement_pair_p05	0.6281125114700822	0.6136294925675542	0.6428406472088403	0.014605577320643048	bca	ok	0.95	2000	2000	127	55	55	pubchem_cid			95% BCa bootstrap CI clustered by PubChem compound; uncertainty is over the observed compound panel, not broader chemical space.
l1000_phase1	cigs_mce	raw	table_5_dataset_pair	raw_delta_vs_source_peer_direction_agreement_p05	mean_raw_delta_vs_source_peer_direction_agreement_p05	0.24456134621902018	0.17433126019717993	0.28830953397769593	0.056989136890258	bca	ok	0.95	2000	2000	127	55	55	pubchem_cid			95% BCa bootstrap CI clustered by PubChem compound; uncertainty is over the observed compound panel, not broader chemical space.
l1000_phase1	cigs_mce	raw	table_5_dataset_pair	raw_source_peer_direction_agreement_pair_p05_sd_score	mean_raw_source_peer_direction_agreement_pair_p05_sd_score	0.13393525189366298	0.1247567145740622	0.14917296912295416	0.012208127274445979	bca	ok	0.95	2000	2000	127	55	55	pubchem_cid			95% BCa bootstrap CI clustered by PubChem compound; uncertainty is over the observed compound panel, not broader chemical space.
l1000_phase1	cigs_mce	raw	table_5_dataset_pair	raw_source_peer_direction_agreement_pair_p05_fraction_below_observed	mean_raw_source_peer_direction_agreement_pair_p05_fraction_below_observed	0.8631221443592126	0.7698803136643737	0.9198588968307947	0.0749892915832105	bca	ok	0.95	2000	2000	127	55	55	pubchem_cid			95% BCa bootstrap CI clustered by PubChem compound; uncertainty is over the observed compound panel, not broader chemical space.
l1000_phase1	cigs_mce	raw	table_5_dataset_pair	raw_source_peer_direction_agreement_pair_p05_corrected_percentile	mean_raw_source_peer_direction_agreement_pair_p05_corrected_percentile	0.8637564623946055	0.7683699832491288	0.9156176288315644	0.07362382279121782	bca	ok	0.95	2000	2000	127	55	55	pubchem_cid			95% BCa bootstrap CI clustered by PubChem compound; uncertainty is over the observed compound panel, not broader chemical space.
l1000_phase1	cigs_mce	raw	table_5_dataset_pair	raw_target_peer_direction_agreement_pair_p05	mean_raw_target_peer_direction_agreement_pair_p05	0.5607763425731566	0.5512192003492229	0.5703975681621344	0.009589183906455745	bca	ok	0.95	2000	2000	127	55	55	pubchem_cid			95% BCa bootstrap CI clustered by PubChem compound; uncertainty is over the observed compound panel, not broader chemical space.
l1000_phase1	cigs_mce	raw	table_5_dataset_pair	raw_delta_vs_target_peer_direction_agreement_p05	mean_raw_delta_vs_target_peer_direction_agreement_p05	0.3118975151159459	0.2403550840429206	0.35775380198218404	0.058699358969631715	bca	ok	0.95	2000	2000	127	55	55	pubchem_cid			95% BCa bootstrap CI clustered by PubChem compound; uncertainty is over the observed compound panel, not broader chemical space.
l1000_phase1	cigs_mce	raw	table_5_dataset_pair	raw_target_peer_direction_agreement_pair_p05_sd_score	mean_raw_target_peer_direction_agreement_pair_p05_sd_score	0.1139960970731382	0.10270607130548434	0.1311544710449211	0.014224199869718374	bca	ok	0.95	2000	2000	127	55	55	pubchem_cid			95% BCa bootstrap CI clustered by PubChem compound; uncertainty is over the observed compound panel, not broader chemical space.
l1000_phase1	cigs_mce	raw	table_5_dataset_pair	raw_target_peer_direction_agreement_pair_p05_fraction_below_observed	mean_raw_target_peer_direction_agreement_pair_p05_fraction_below_observed	0.9015605927059814	0.8081842099085651	0.9490456217071088	0.07043070589927186	bca	ok	0.95	2000	2000	127	55	55	pubchem_cid			95% BCa bootstrap CI clustered by PubChem compound; uncertainty is over the observed compound panel, not broader chemical space.
l1000_phase1	cigs_mce	raw	table_5_dataset_pair	raw_target_peer_direction_agreement_pair_p05_corrected_percentile	mean_raw_target_peer_direction_agreement_pair_p05_corrected_percentile	0.9020367860972077	0.8159181318647784	0.9530806488850033	0.06858125851011249	bca	ok	0.95	2000	2000	127	55	55	pubchem_cid			95% BCa bootstrap CI clustered by PubChem compound; uncertainty is over the observed compound panel, not broader chemical space.
l1000_phase1	l1000_phase2	raw	table_5_dataset_pair	observed_direction_agreement_p05	mean_observed_direction_agreement_p05	0.9174928909719515	0.9027128713581862	0.9297147928131225	0.013500960727468148	bca	ok	0.95	2000	2000	1060	845	211	pubchem_cid			95% BCa bootstrap CI clustered by PubChem compound; uncertainty is over the observed compound panel, not broader chemical space.
l1000_phase1	l1000_phase2	raw	table_5_dataset_pair	baseline_pair_direction_agreement_p05	mean_baseline_pair_direction_agreement_p05	0.7244357240285955	0.712196395591774	0.7355361413888368	0.011669872898531441	bca	ok	0.95	2000	2000	1060	1054	256	pubchem_cid			95% BCa bootstrap CI clustered by PubChem compound; uncertainty is over the observed compound panel, not broader chemical space.
l1000_phase1	l1000_phase2	raw	table_5_dataset_pair	delta_vs_baseline_pair_direction_agreement_p05	mean_delta_vs_baseline_pair_direction_agreement_p05	0.15615018324475022	0.14122228015383953	0.17188655394349303	0.01533213689482675	bca	ok	0.95	2000	2000	1060	845	211	pubchem_cid			95% BCa bootstrap CI clustered by PubChem compound; uncertainty is over the observed compound panel, not broader chemical space.
l1000_phase1	l1000_phase2	raw	table_5_dataset_pair	raw_source_centroid_direction_agreement_pair_p05	mean_raw_source_centroid_direction_agreement_pair_p05	0.7244357240285955	0.7121062176015575	0.7359332611555355	0.011913521776989011	bca	ok	0.95	2000	2000	1060	1054	256	pubchem_cid			95% BCa bootstrap CI clustered by PubChem compound; uncertainty is over the observed compound panel, not broader chemical space.
l1000_phase1	l1000_phase2	raw	table_5_dataset_pair	raw_delta_vs_source_centroid_direction_agreement_p05	mean_raw_delta_vs_source_centroid_direction_agreement_p05	0.15615018324475022	0.1402657391116019	0.17115809819996305	0.01544617954418058	bca	ok	0.95	2000	2000	1060	845	211	pubchem_cid			95% BCa bootstrap CI clustered by PubChem compound; uncertainty is over the observed compound panel, not broader chemical space.
l1000_phase1	l1000_phase2	raw	table_5_dataset_pair	raw_target_centroid_direction_agreement_pair_p05	mean_raw_target_centroid_direction_agreement_pair_p05	0.6406211271284356	0.628826501932252	0.6514951433400581	0.011334320703903056	bca	ok	0.95	2000	2000	1060	1056	256	pubchem_cid			95% BCa bootstrap CI clustered by PubChem compound; uncertainty is over the observed compound panel, not broader chemical space.
l1000_phase1	l1000_phase2	raw	table_5_dataset_pair	raw_delta_vs_target_centroid_direction_agreement_p05	mean_raw_delta_vs_target_centroid_direction_agreement_p05	0.23304467607859986	0.21823240142338027	0.2483681843700434	0.015067891473331568	bca	ok	0.95	2000	2000	1060	845	211	pubchem_cid			95% BCa bootstrap CI clustered by PubChem compound; uncertainty is over the observed compound panel, not broader chemical space.
l1000_phase1	l1000_phase2	raw	table_5_dataset_pair	raw_source_peer_direction_agreement_pair_p05	mean_raw_source_peer_direction_agreement_pair_p05	0.5705676466854935	0.5650474978009998	0.5761060192522752	0.005529260725637697	bca	ok	0.95	2000	2000	1060	845	211	pubchem_cid			95% BCa bootstrap CI clustered by PubChem compound; uncertainty is over the observed compound panel, not broader chemical space.
l1000_phase1	l1000_phase2	raw	table_5_dataset_pair	raw_delta_vs_source_peer_direction_agreement_p05	mean_raw_delta_vs_source_peer_direction_agreement_p05	0.34692524428645793	0.332796538817972	0.36004710928816264	0.013625285235095319	bca	ok	0.95	2000	2000	1060	845	211	pubchem_cid			95% BCa bootstrap CI clustered by PubChem compound; uncertainty is over the observed compound panel, not broader chemical space.
l1000_phase1	l1000_phase2	raw	table_5_dataset_pair	raw_source_peer_direction_agreement_pair_p05_sd_score	mean_raw_source_peer_direction_agreement_pair_p05_sd_score	0.14347977524435376	0.1391753189286473	0.147202654991342	0.004013668031347353	bca	ok	0.95	2000	2000	1060	845	211	pubchem_cid			95% BCa bootstrap CI clustered by PubChem compound; uncertainty is over the observed compound panel, not broader chemical space.
l1000_phase1	l1000_phase2	raw	table_5_dataset_pair	raw_source_peer_direction_agreement_pair_p05_fraction_below_observed	mean_raw_source_peer_direction_agreement_pair_p05_fraction_below_observed	0.9269666860946886	0.9100106107512965	0.9399217482872669	0.014955568767985206	bca	ok	0.95	2000	2000	1060	845	211	pubchem_cid			95% BCa bootstrap CI clustered by PubChem compound; uncertainty is over the observed compound panel, not broader chemical space.
l1000_phase1	l1000_phase2	raw	table_5_dataset_pair	raw_source_peer_direction_agreement_pair_p05_corrected_percentile	mean_raw_source_peer_direction_agreement_pair_p05_corrected_percentile	0.9281534646683196	0.9121345159039974	0.9409069386823873	0.014386211389194936	bca	ok	0.95	2000	2000	1060	845	211	pubchem_cid			95% BCa bootstrap CI clustered by PubChem compound; uncertainty is over the observed compound panel, not broader chemical space.
l1000_phase1	l1000_phase2	raw	table_5_dataset_pair	raw_target_peer_direction_agreement_pair_p05	mean_raw_target_peer_direction_agreement_pair_p05	0.5446381546095591	0.5395027896943942	0.5498320992741835	0.0051646547898946404	bca	ok	0.95	2000	2000	1060	845	211	pubchem_cid			95% BCa bootstrap CI clustered by PubChem compound; uncertainty is over the observed compound panel, not broader chemical space.
l1000_phase1	l1000_phase2	raw	table_5_dataset_pair	raw_delta_vs_target_peer_direction_agreement_p05	mean_raw_delta_vs_target_peer_direction_agreement_p05	0.3728547363623923	0.3603672895745057	0.38485099412622803	0.012241852275861165	bca	ok	0.95	2000	2000	1060	845	211	pubchem_cid			95% BCa bootstrap CI clustered by PubChem compound; uncertainty is over the observed compound panel, not broader chemical space.
l1000_phase1	l1000_phase2	raw	table_5_dataset_pair	raw_target_peer_direction_agreement_pair_p05_sd_score	mean_raw_target_peer_direction_agreement_pair_p05_sd_score	0.1305453979076422	0.12668164644723415	0.134338916325347	0.0038286349390564273	bca	ok	0.95	2000	2000	1060	845	211	pubchem_cid			95% BCa bootstrap CI clustered by PubChem compound; uncertainty is over the observed compound panel, not broader chemical space.
l1000_phase1	l1000_phase2	raw	table_5_dataset_pair	raw_target_peer_direction_agreement_pair_p05_fraction_below_observed	mean_raw_target_peer_direction_agreement_pair_p05_fraction_below_observed	0.9390309760700875	0.9231825385878283	0.9519493431634203	0.014383402287795999	bca	ok	0.95	2000	2000	1060	845	211	pubchem_cid			95% BCa bootstrap CI clustered by PubChem compound; uncertainty is over the observed compound panel, not broader chemical space.
l1000_phase1	l1000_phase2	raw	table_5_dataset_pair	raw_target_peer_direction_agreement_pair_p05_corrected_percentile	mean_raw_target_peer_direction_agreement_pair_p05_corrected_percentile	0.9400202768542286	0.9243645992637974	0.9527641848336315	0.01419979278491701	bca	ok	0.95	2000	2000	1060	845	211	pubchem_cid			95% BCa bootstrap CI clustered by PubChem compound; uncertainty is over the observed compound panel, not broader chemical space.
l1000_phase1	sciplex	raw	table_5_dataset_pair	observed_direction_agreement_p05	mean_observed_direction_agreement_p05	0.8898938576990447	0.8506133218043677	0.9263409984995142	0.037863838347573286	bca	ok	0.95	2000	2000	162	66	46	pubchem_cid			95% BCa bootstrap CI clustered by PubChem compound; uncertainty is over the observed compound panel, not broader chemical space.
l1000_phase1	sciplex	raw	table_5_dataset_pair	baseline_pair_direction_agreement_p05	mean_baseline_pair_direction_agreement_p05	0.7241214080016491	0.6951565075415418	0.7520787083686181	0.028461100413538165	bca	ok	0.95	2000	2000	162	155	90	pubchem_cid			95% BCa bootstrap CI clustered by PubChem compound; uncertainty is over the observed compound panel, not broader chemical space.
l1000_phase1	sciplex	raw	table_5_dataset_pair	delta_vs_baseline_pair_direction_agreement_p05	mean_delta_vs_baseline_pair_direction_agreement_p05	0.13056664462846093	0.07967805025724094	0.1786111119328905	0.04946653083782478	bca	ok	0.95	2000	2000	162	66	46	pubchem_cid			95% BCa bootstrap CI clustered by PubChem compound; uncertainty is over the observed compound panel, not broader chemical space.
l1000_phase1	sciplex	raw	table_5_dataset_pair	raw_source_centroid_direction_agreement_pair_p05	mean_raw_source_centroid_direction_agreement_pair_p05	0.7241214080016491	0.6922914667504542	0.7514600490861465	0.029584291167846166	bca	ok	0.95	2000	2000	162	155	90	pubchem_cid			95% BCa bootstrap CI clustered by PubChem compound; uncertainty is over the observed compound panel, not broader chemical space.
l1000_phase1	sciplex	raw	table_5_dataset_pair	raw_delta_vs_source_centroid_direction_agreement_p05	mean_raw_delta_vs_source_centroid_direction_agreement_p05	0.13056664462846093	0.08216855540801006	0.1796579427578037	0.04874469367489682	bca	ok	0.95	2000	2000	162	66	46	pubchem_cid			95% BCa bootstrap CI clustered by PubChem compound; uncertainty is over the observed compound panel, not broader chemical space.
l1000_phase1	sciplex	raw	table_5_dataset_pair	raw_target_centroid_direction_agreement_pair_p05	mean_raw_target_centroid_direction_agreement_pair_p05	0.6289505582239254	0.6026572494557504	0.6513024740317631	0.024322612288006362	bca	ok	0.95	2000	2000	162	155	90	pubchem_cid			95% BCa bootstrap CI clustered by PubChem compound; uncertainty is over the observed compound panel, not broader chemical space.
l1000_phase1	sciplex	raw	table_5_dataset_pair	raw_delta_vs_target_centroid_direction_agreement_p05	mean_raw_delta_vs_target_centroid_direction_agreement_p05	0.22348391238737317	0.1791684480804785	0.2593875032481953	0.04010952758385841	bca	ok	0.95	2000	2000	162	66	46	pubchem_cid			95% BCa bootstrap CI clustered by PubChem compound; uncertainty is over the observed compound panel, not broader chemical space.
l1000_phase1	sciplex	raw	table_5_dataset_pair	raw_source_peer_direction_agreement_pair_p05	mean_raw_source_peer_direction_agreement_pair_p05	0.5703059691962524	0.5617672846311996	0.5791529036529223	0.008692809510861321	bca	ok	0.95	2000	2000	162	66	46	pubchem_cid			95% BCa bootstrap CI clustered by PubChem compound; uncertainty is over the observed compound panel, not broader chemical space.
l1000_phase1	sciplex	raw	table_5_dataset_pair	raw_delta_vs_source_peer_direction_agreement_p05	mean_raw_delta_vs_source_peer_direction_agreement_p05	0.31958788850279224	0.27179283705831064	0.3555008871271131	0.04185402503440122	bca	ok	0.95	2000	2000	162	66	46	pubchem_cid			95% BCa bootstrap CI clustered by PubChem compound; uncertainty is over the observed compound panel, not broader chemical space.
l1000_phase1	sciplex	raw	table_5_dataset_pair	raw_source_peer_direction_agreement_pair_p05_sd_score	mean_raw_source_peer_direction_agreement_pair_p05_sd_score	0.16264456189536983	0.14753218368347423	0.18116348600051596	0.016815651158520864	bca	ok	0.95	2000	2000	162	66	46	pubchem_cid			95% BCa bootstrap CI clustered by PubChem compound; uncertainty is over the observed compound panel, not broader chemical space.
l1000_phase1	sciplex	raw	table_5_dataset_pair	raw_source_peer_direction_agreement_pair_p05_fraction_below_observed	mean_raw_source_peer_direction_agreement_pair_p05_fraction_below_observed	0.8722588057818029	0.8098096363171681	0.9137908014904321	0.05199058258663203	bca	ok	0.95	2000	2000	162	66	46	pubchem_cid			95% BCa bootstrap CI clustered by PubChem compound; uncertainty is over the observed compound panel, not broader chemical space.
l1000_phase1	sciplex	raw	table_5_dataset_pair	raw_source_peer_direction_agreement_pair_p05_corrected_percentile	mean_raw_source_peer_direction_agreement_pair_p05_corrected_percentile	0.873405358750936	0.8093661152764352	0.9146914373395035	0.052662661031534164	bca	ok	0.95	2000	2000	162	66	46	pubchem_cid			95% BCa bootstrap CI clustered by PubChem compound; uncertainty is over the observed compound panel, not broader chemical space.
l1000_phase1	sciplex	raw	table_5_dataset_pair	raw_target_peer_direction_agreement_pair_p05	mean_raw_target_peer_direction_agreement_pair_p05	0.5347540758183557	0.5285548330495733	0.5471722268664801	0.009308696908453429	bca	ok	0.95	2000	2000	162	66	46	pubchem_cid			95% BCa bootstrap CI clustered by PubChem compound; uncertainty is over the observed compound panel, not broader chemical space.
l1000_phase1	sciplex	raw	table_5_dataset_pair	raw_delta_vs_target_peer_direction_agreement_p05	mean_raw_delta_vs_target_peer_direction_agreement_p05	0.35513978188068884	0.31546121989930365	0.3899215546467315	0.03723016737371393	bca	ok	0.95	2000	2000	162	66	46	pubchem_cid			95% BCa bootstrap CI clustered by PubChem compound; uncertainty is over the observed compound panel, not broader chemical space.
l1000_phase1	sciplex	raw	table_5_dataset_pair	raw_target_peer_direction_agreement_pair_p05_sd_score	mean_raw_target_peer_direction_agreement_pair_p05_sd_score	0.12133963111268072	0.10473456003378807	0.14179690034181605	0.01853117015401399	bca	ok	0.95	2000	2000	162	66	46	pubchem_cid			95% BCa bootstrap CI clustered by PubChem compound; uncertainty is over the observed compound panel, not broader chemical space.
l1000_phase1	sciplex	raw	table_5_dataset_pair	raw_target_peer_direction_agreement_pair_p05_fraction_below_observed	mean_raw_target_peer_direction_agreement_pair_p05_fraction_below_observed	0.9039258376249005	0.8462431898898314	0.9404718275606457	0.047114318835407176	bca	ok	0.95	2000	2000	162	66	46	pubchem_cid			95% BCa bootstrap CI clustered by PubChem compound; uncertainty is over the observed compound panel, not broader chemical space.
l1000_phase1	sciplex	raw	table_5_dataset_pair	raw_target_peer_direction_agreement_pair_p05_corrected_percentile	mean_raw_target_peer_direction_agreement_pair_p05_corrected_percentile	0.9048285986926033	0.844973864084175	0.9422481735811209	0.048637154748472966	bca	ok	0.95	2000	2000	162	66	46	pubchem_cid			95% BCa bootstrap CI clustered by PubChem compound; uncertainty is over the observed compound panel, not broader chemical space.
l1000_phase1	tahoe	raw	table_5_dataset_pair	observed_direction_agreement_p05	mean_observed_direction_agreement_p05	0.735567815403538	0.601783503787704	0.8245238681479906	0.11137018218014333	bca	ok	0.95	2000	2000	114	32	26	pubchem_cid			95% BCa bootstrap CI clustered by PubChem compound; uncertainty is over the observed compound panel, not broader chemical space.
l1000_phase1	tahoe	raw	table_5_dataset_pair	baseline_pair_direction_agreement_p05	mean_baseline_pair_direction_agreement_p05	0.7306995970616411	0.6895820463370321	0.7641506649930158	0.037284309327991816	bca	ok	0.95	2000	2000	114	110	85	pubchem_cid			95% BCa bootstrap CI clustered by PubChem compound; uncertainty is over the observed compound panel, not broader chemical space.
l1000_phase1	tahoe	raw	table_5_dataset_pair	delta_vs_baseline_pair_direction_agreement_p05	mean_delta_vs_baseline_pair_direction_agreement_p05	-0.017595526335950504	-0.15754723653228744	0.08404230241919634	0.12079476947574189	bca	ok	0.95	2000	2000	114	32	26	pubchem_cid			95% BCa bootstrap CI clustered by PubChem compound; uncertainty is over the observed compound panel, not broader chemical space.
l1000_phase1	tahoe	raw	table_5_dataset_pair	raw_source_centroid_direction_agreement_pair_p05	mean_raw_source_centroid_direction_agreement_pair_p05	0.7306995970616411	0.6912939227460595	0.7640800761808131	0.03639307671737679	bca	ok	0.95	2000	2000	114	110	85	pubchem_cid			95% BCa bootstrap CI clustered by PubChem compound; uncertainty is over the observed compound panel, not broader chemical space.
l1000_phase1	tahoe	raw	table_5_dataset_pair	raw_delta_vs_source_centroid_direction_agreement_p05	mean_raw_delta_vs_source_centroid_direction_agreement_p05	-0.017595526335950504	-0.14944035544989734	0.0815638526035147	0.11550210402670602	bca	ok	0.95	2000	2000	114	32	26	pubchem_cid			95% BCa bootstrap CI clustered by PubChem compound; uncertainty is over the observed compound panel, not broader chemical space.
l1000_phase1	tahoe	raw	table_5_dataset_pair	raw_target_centroid_direction_agreement_pair_p05	mean_raw_target_centroid_direction_agreement_pair_p05	0.49460593586325585	0.46051668987838323	0.5292849263098953	0.03438411821575604	bca	ok	0.95	2000	2000	114	111	85	pubchem_cid			95% BCa bootstrap CI clustered by PubChem compound; uncertainty is over the observed compound panel, not broader chemical space.
l1000_phase1	tahoe	raw	table_5_dataset_pair	raw_delta_vs_target_centroid_direction_agreement_p05	mean_raw_delta_vs_target_centroid_direction_agreement_p05	0.22633339044186018	0.10656259905689178	0.3267207669682161	0.11007908395566217	bca	ok	0.95	2000	2000	114	32	26	pubchem_cid			95% BCa bootstrap CI clustered by PubChem compound; uncertainty is over the observed compound panel, not broader chemical space.
l1000_phase1	tahoe	raw	table_5_dataset_pair	raw_source_peer_direction_agreement_pair_p05	mean_raw_source_peer_direction_agreement_pair_p05	0.5888384882383513	0.5747839084782045	0.6024263612640931	0.013821226392944308	bca	ok	0.95	2000	2000	114	32	26	pubchem_cid			95% BCa bootstrap CI clustered by PubChem compound; uncertainty is over the observed compound panel, not broader chemical space.
l1000_phase1	tahoe	raw	table_5_dataset_pair	raw_delta_vs_source_peer_direction_agreement_p05	mean_raw_delta_vs_source_peer_direction_agreement_p05	0.1467293271651866	0.015843524655255507	0.24033163912879882	0.11224405723677165	bca	ok	0.95	2000	2000	114	32	26	pubchem_cid			95% BCa bootstrap CI clustered by PubChem compound; uncertainty is over the observed compound panel, not broader chemical space.
l1000_phase1	tahoe	raw	table_5_dataset_pair	raw_source_peer_direction_agreement_pair_p05_sd_score	mean_raw_source_peer_direction_agreement_pair_p05_sd_score	0.12929680057217569	0.11163954979929155	0.14748118415098252	0.017920817175845483	bca	ok	0.95	2000	2000	114	32	26	pubchem_cid			95% BCa bootstrap CI clustered by PubChem compound; uncertainty is over the observed compound panel, not broader chemical space.
l1000_phase1	tahoe	raw	table_5_dataset_pair	raw_source_peer_direction_agreement_pair_p05_fraction_below_observed	mean_raw_source_peer_direction_agreement_pair_p05_fraction_below_observed	0.7406668842178525	0.5862370187639621	0.8522196286241583	0.13299130493009814	bca	ok	0.95	2000	2000	114	32	26	pubchem_cid			95% BCa bootstrap CI clustered by PubChem compound; uncertainty is over the observed compound panel, not broader chemical space.
l1000_phase1	tahoe	raw	table_5_dataset_pair	raw_source_peer_direction_agreement_pair_p05_corrected_percentile	mean_raw_source_peer_direction_agreement_pair_p05_corrected_percentile	0.7417491883537254	0.5791140166580427	0.8546210428198333	0.13775351308089528	bca	ok	0.95	2000	2000	114	32	26	pubchem_cid			95% BCa bootstrap CI clustered by PubChem compound; uncertainty is over the observed compound panel, not broader chemical space.
l1000_phase1	tahoe	raw	table_5_dataset_pair	raw_target_peer_direction_agreement_pair_p05	mean_raw_target_peer_direction_agreement_pair_p05	0.508799501240728	0.5024488470221251	0.5149482847729268	0.006249718875400823	bca	ok	0.95	2000	2000	114	32	26	pubchem_cid			95% BCa bootstrap CI clustered by PubChem compound; uncertainty is over the observed compound panel, not broader chemical space.
l1000_phase1	tahoe	raw	table_5_dataset_pair	raw_delta_vs_target_peer_direction_agreement_p05	mean_raw_delta_vs_target_peer_direction_agreement_p05	0.2267683141628099	0.09491774280243058	0.32389907353903163	0.11449066536830052	bca	ok	0.95	2000	2000	114	32	26	pubchem_cid			95% BCa bootstrap CI clustered by PubChem compound; uncertainty is over the observed compound panel, not broader chemical space.
l1000_phase1	tahoe	raw	table_5_dataset_pair	raw_target_peer_direction_agreement_pair_p05_sd_score	mean_raw_target_peer_direction_agreement_pair_p05_sd_score	0.09800702973068684	0.08124063690478343	0.12160181774338526	0.02018059041930091	bca	ok	0.95	2000	2000	114	32	26	pubchem_cid			95% BCa bootstrap CI clustered by PubChem compound; uncertainty is over the observed compound panel, not broader chemical space.
l1000_phase1	tahoe	raw	table_5_dataset_pair	raw_target_peer_direction_agreement_pair_p05_fraction_below_observed	mean_raw_target_peer_direction_agreement_pair_p05_fraction_below_observed	0.8118869726743607	0.6478195240454948	0.9079284621422133	0.13005446904835927	bca	ok	0.95	2000	2000	114	32	26	pubchem_cid			95% BCa bootstrap CI clustered by PubChem compound; uncertainty is over the observed compound panel, not broader chemical space.
l1000_phase1	tahoe	raw	table_5_dataset_pair	raw_target_peer_direction_agreement_pair_p05_corrected_percentile	mean_raw_target_peer_direction_agreement_pair_p05_corrected_percentile	0.8126763490721448	0.6474179498240425	0.9114433432516978	0.13201269671382765	bca	ok	0.95	2000	2000	114	32	26	pubchem_cid			95% BCa bootstrap CI clustered by PubChem compound; uncertainty is over the observed compound panel, not broader chemical space.
l1000_phase2	cigs_mce	raw	table_5_dataset_pair	observed_direction_agreement_p05	mean_observed_direction_agreement_p05	0.9194360775127509	0.8742889746935433	0.9468500496966777	0.036280537501567234	bca	ok	0.95	2000	2000	68	50	50	pubchem_cid			95% BCa bootstrap CI clustered by PubChem compound; uncertainty is over the observed compound panel, not broader chemical space.
l1000_phase2	cigs_mce	raw	table_5_dataset_pair	baseline_pair_direction_agreement_p05	mean_baseline_pair_direction_agreement_p05	0.8361616986353233	0.8129966386365025	0.8550130022256718	0.021008181794584635	bca	ok	0.95	2000	2000	68	68	68	pubchem_cid			95% BCa bootstrap CI clustered by PubChem compound; uncertainty is over the observed compound panel, not broader chemical space.
l1000_phase2	cigs_mce	raw	table_5_dataset_pair	delta_vs_baseline_pair_direction_agreement_p05	mean_delta_vs_baseline_pair_direction_agreement_p05	0.0936097579200914	0.05295442955388467	0.130277176840094	0.03866137364310466	bca	ok	0.95	2000	2000	68	50	50	pubchem_cid			95% BCa bootstrap CI clustered by PubChem compound; uncertainty is over the observed compound panel, not broader chemical space.
l1000_phase2	cigs_mce	raw	table_5_dataset_pair	raw_source_centroid_direction_agreement_pair_p05	mean_raw_source_centroid_direction_agreement_pair_p05	0.8361616986353233	0.8137548691143827	0.8551115426485905	0.0206783367671039	bca	ok	0.95	2000	2000	68	68	68	pubchem_cid			95% BCa bootstrap CI clustered by PubChem compound; uncertainty is over the observed compound panel, not broader chemical space.
l1000_phase2	cigs_mce	raw	table_5_dataset_pair	raw_delta_vs_source_centroid_direction_agreement_p05	mean_raw_delta_vs_source_centroid_direction_agreement_p05	0.0936097579200914	0.0489653805315017	0.12812387696263536	0.039579248215566826	bca	ok	0.95	2000	2000	68	50	50	pubchem_cid			95% BCa bootstrap CI clustered by PubChem compound; uncertainty is over the observed compound panel, not broader chemical space.
l1000_phase2	cigs_mce	raw	table_5_dataset_pair	raw_target_centroid_direction_agreement_pair_p05	mean_raw_target_centroid_direction_agreement_pair_p05	0.6910483971494134	0.6614254901199119	0.7171055062603556	0.027840008070221856	bca	ok	0.95	2000	2000	68	68	68	pubchem_cid			95% BCa bootstrap CI clustered by PubChem compound; uncertainty is over the observed compound panel, not broader chemical space.
l1000_phase2	cigs_mce	raw	table_5_dataset_pair	raw_delta_vs_target_centroid_direction_agreement_p05	mean_raw_delta_vs_target_centroid_direction_agreement_p05	0.23827981986811086	0.19544879534281753	0.2794411080922069	0.041996156374694685	bca	ok	0.95	2000	2000	68	50	50	pubchem_cid			95% BCa bootstrap CI clustered by PubChem compound; uncertainty is over the observed compound panel, not broader chemical space.
l1000_phase2	cigs_mce	raw	table_5_dataset_pair	raw_source_peer_direction_agreement_pair_p05	mean_raw_source_peer_direction_agreement_pair_p05	0.6470516046409345	0.6326685969108896	0.6611770709417302	0.014254237015420279	bca	ok	0.95	2000	2000	68	50	50	pubchem_cid			95% BCa bootstrap CI clustered by PubChem compound; uncertainty is over the observed compound panel, not broader chemical space.
l1000_phase2	cigs_mce	raw	table_5_dataset_pair	raw_delta_vs_source_peer_direction_agreement_p05	mean_raw_delta_vs_source_peer_direction_agreement_p05	0.27238447287181633	0.23336845735362277	0.3010138917073572	0.03382271717686722	bca	ok	0.95	2000	2000	68	50	50	pubchem_cid			95% BCa bootstrap CI clustered by PubChem compound; uncertainty is over the observed compound panel, not broader chemical space.
l1000_phase2	cigs_mce	raw	table_5_dataset_pair	raw_source_peer_direction_agreement_pair_p05_sd_score	mean_raw_source_peer_direction_agreement_pair_p05_sd_score	0.1305838511495904	0.12223499253927503	0.14099094834124276	0.009377977900983867	bca	ok	0.95	2000	2000	68	50	50	pubchem_cid			95% BCa bootstrap CI clustered by PubChem compound; uncertainty is over the observed compound panel, not broader chemical space.
l1000_phase2	cigs_mce	raw	table_5_dataset_pair	raw_source_peer_direction_agreement_pair_p05_fraction_below_observed	mean_raw_source_peer_direction_agreement_pair_p05_fraction_below_observed	0.9082771417976179	0.8291877235222921	0.9490838406564436	0.059948058567075746	bca	ok	0.95	2000	2000	68	50	50	pubchem_cid			95% BCa bootstrap CI clustered by PubChem compound; uncertainty is over the observed compound panel, not broader chemical space.
l1000_phase2	cigs_mce	raw	table_5_dataset_pair	raw_source_peer_direction_agreement_pair_p05_corrected_percentile	mean_raw_source_peer_direction_agreement_pair_p05_corrected_percentile	0.9087846084932252	0.8293369852049135	0.9489774327593146	0.05982022377720053	bca	ok	0.95	2000	2000	68	50	50	pubchem_cid			95% BCa bootstrap CI clustered by PubChem compound; uncertainty is over the observed compound panel, not broader chemical space.
l1000_phase2	cigs_mce	raw	table_5_dataset_pair	raw_target_peer_direction_agreement_pair_p05	mean_raw_target_peer_direction_agreement_pair_p05	0.5864019649314391	0.573690642247952	0.59709017277906	0.011699765265553996	bca	ok	0.95	2000	2000	68	50	50	pubchem_cid			95% BCa bootstrap CI clustered by PubChem compound; uncertainty is over the observed compound panel, not broader chemical space.
l1000_phase2	cigs_mce	raw	table_5_dataset_pair	raw_delta_vs_target_peer_direction_agreement_p05	mean_raw_delta_vs_target_peer_direction_agreement_p05	0.33303411258131166	0.2913011261166084	0.35937760498160215	0.03403823943249687	bca	ok	0.95	2000	2000	68	50	50	pubchem_cid			95% BCa bootstrap CI clustered by PubChem compound; uncertainty is over the observed compound panel, not broader chemical space.
l1000_phase2	cigs_mce	raw	table_5_dataset_pair	raw_target_peer_direction_agreement_pair_p05_sd_score	mean_raw_target_peer_direction_agreement_pair_p05_sd_score	0.10441874642933265	0.0944412336595031	0.11808236598582057	0.011820566163158734	bca	ok	0.95	2000	2000	68	50	50	pubchem_cid			95% BCa bootstrap CI clustered by PubChem compound; uncertainty is over the observed compound panel, not broader chemical space.
l1000_phase2	cigs_mce	raw	table_5_dataset_pair	raw_target_peer_direction_agreement_pair_p05_fraction_below_observed	mean_raw_target_peer_direction_agreement_pair_p05_fraction_below_observed	0.9351856362455194	0.8579824027707001	0.9700849682545959	0.05605128274194787	bca	ok	0.95	2000	2000	68	50	50	pubchem_cid			95% BCa bootstrap CI clustered by PubChem compound; uncertainty is over the observed compound panel, not broader chemical space.
l1000_phase2	cigs_mce	raw	table_5_dataset_pair	raw_target_peer_direction_agreement_pair_p05_corrected_percentile	mean_raw_target_peer_direction_agreement_pair_p05_corrected_percentile	0.9356024840338115	0.8594588720225758	0.971876777345254	0.05620895266133913	bca	ok	0.95	2000	2000	68	50	50	pubchem_cid			95% BCa bootstrap CI clustered by PubChem compound; uncertainty is over the observed compound panel, not broader chemical space.
l1000_phase2	sciplex	raw	table_5_dataset_pair	observed_direction_agreement_p05	mean_observed_direction_agreement_p05	0.9492136233388188	0.915229156024477	0.968045905205611	0.026408374590566996	bca	ok	0.95	2000	2000	127	65	50	pubchem_cid			95% BCa bootstrap CI clustered by PubChem compound; uncertainty is over the observed compound panel, not broader chemical space.
l1000_phase2	sciplex	raw	table_5_dataset_pair	baseline_pair_direction_agreement_p05	mean_baseline_pair_direction_agreement_p05	0.6826053698142059	0.6477081547459662	0.7096371286974461	0.030964486975739947	bca	ok	0.95	2000	2000	127	125	82	pubchem_cid			95% BCa bootstrap CI clustered by PubChem compound; uncertainty is over the observed compound panel, not broader chemical space.
l1000_phase2	sciplex	raw	table_5_dataset_pair	delta_vs_baseline_pair_direction_agreement_p05	mean_delta_vs_baseline_pair_direction_agreement_p05	0.18624377057611716	0.1527571588015347	0.22560751534600018	0.03642517827223274	bca	ok	0.95	2000	2000	127	65	50	pubchem_cid			95% BCa bootstrap CI clustered by PubChem compound; uncertainty is over the observed compound panel, not broader chemical space.
l1000_phase2	sciplex	raw	table_5_dataset_pair	raw_source_centroid_direction_agreement_pair_p05	mean_raw_source_centroid_direction_agreement_pair_p05	0.6826053698142059	0.6503019718292826	0.7112294893637542	0.030463758767235782	bca	ok	0.95	2000	2000	127	125	82	pubchem_cid			95% BCa bootstrap CI clustered by PubChem compound; uncertainty is over the observed compound panel, not broader chemical space.
l1000_phase2	sciplex	raw	table_5_dataset_pair	raw_delta_vs_source_centroid_direction_agreement_p05	mean_raw_delta_vs_source_centroid_direction_agreement_p05	0.18624377057611716	0.15416070935922147	0.22562440975905954	0.035731850199919035	bca	ok	0.95	2000	2000	127	65	50	pubchem_cid			95% BCa bootstrap CI clustered by PubChem compound; uncertainty is over the observed compound panel, not broader chemical space.
l1000_phase2	sciplex	raw	table_5_dataset_pair	raw_target_centroid_direction_agreement_pair_p05	mean_raw_target_centroid_direction_agreement_pair_p05	0.5868158587823582	0.5557900077145553	0.6158671367828156	0.03003856453413012	bca	ok	0.95	2000	2000	127	125	82	pubchem_cid			95% BCa bootstrap CI clustered by PubChem compound; uncertainty is over the observed compound panel, not broader chemical space.
l1000_phase2	sciplex	raw	table_5_dataset_pair	raw_delta_vs_target_centroid_direction_agreement_p05	mean_raw_delta_vs_target_centroid_direction_agreement_p05	0.26966324594323204	0.23813452922296943	0.29862244105747177	0.030243955917251167	bca	ok	0.95	2000	2000	127	65	50	pubchem_cid			95% BCa bootstrap CI clustered by PubChem compound; uncertainty is over the observed compound panel, not broader chemical space.
l1000_phase2	sciplex	raw	table_5_dataset_pair	raw_source_peer_direction_agreement_pair_p05	mean_raw_source_peer_direction_agreement_pair_p05	0.5739092396752853	0.5655140688210302	0.5819353476212552	0.008210639400112518	bca	ok	0.95	2000	2000	127	65	50	pubchem_cid			95% BCa bootstrap CI clustered by PubChem compound; uncertainty is over the observed compound panel, not broader chemical space.
l1000_phase2	sciplex	raw	table_5_dataset_pair	raw_delta_vs_source_peer_direction_agreement_p05	mean_raw_delta_vs_source_peer_direction_agreement_p05	0.37530438366353347	0.3395101423167072	0.39535998906234304	0.027924923372817934	bca	ok	0.95	2000	2000	127	65	50	pubchem_cid			95% BCa bootstrap CI clustered by PubChem compound; uncertainty is over the observed compound panel, not broader chemical space.
l1000_phase2	sciplex	raw	table_5_dataset_pair	raw_source_peer_direction_agreement_pair_p05_sd_score	mean_raw_source_peer_direction_agreement_pair_p05_sd_score	0.15480476817103056	0.14040280721985876	0.17239360912731544	0.01599540095372834	bca	ok	0.95	2000	2000	127	65	50	pubchem_cid			95% BCa bootstrap CI clustered by PubChem compound; uncertainty is over the observed compound panel, not broader chemical space.
l1000_phase2	sciplex	raw	table_5_dataset_pair	raw_source_peer_direction_agreement_pair_p05_fraction_below_observed	mean_raw_source_peer_direction_agreement_pair_p05_fraction_below_observed	0.9117412103193845	0.863790502667094	0.9424754042533525	0.03934245079312926	bca	ok	0.95	2000	2000	127	65	50	pubchem_cid			95% BCa bootstrap CI clustered by PubChem compound; uncertainty is over the observed compound panel, not broader chemical space.
l1000_phase2	sciplex	raw	table_5_dataset_pair	raw_source_peer_direction_agreement_pair_p05_corrected_percentile	mean_raw_source_peer_direction_agreement_pair_p05_corrected_percentile	0.9121982198868333	0.8585001392350592	0.9419567240042152	0.04172829238457798	bca	ok	0.95	2000	2000	127	65	50	pubchem_cid			95% BCa bootstrap CI clustered by PubChem compound; uncertainty is over the observed compound panel, not broader chemical space.
l1000_phase2	sciplex	raw	table_5_dataset_pair	raw_target_peer_direction_agreement_pair_p05	mean_raw_target_peer_direction_agreement_pair_p05	0.543320377656392	0.5369382241294471	0.5499406210053533	0.006501198437953104	bca	ok	0.95	2000	2000	127	65	50	pubchem_cid			95% BCa bootstrap CI clustered by PubChem compound; uncertainty is over the observed compound panel, not broader chemical space.
l1000_phase2	sciplex	raw	table_5_dataset_pair	raw_delta_vs_target_peer_direction_agreement_p05	mean_raw_delta_vs_target_peer_direction_agreement_p05	0.40589324568242685	0.3743651964803029	0.42483424763048444	0.02523452557509076	bca	ok	0.95	2000	2000	127	65	50	pubchem_cid			95% BCa bootstrap CI clustered by PubChem compound; uncertainty is over the observed compound panel, not broader chemical space.
l1000_phase2	sciplex	raw	table_5_dataset_pair	raw_target_peer_direction_agreement_pair_p05_sd_score	mean_raw_target_peer_direction_agreement_pair_p05_sd_score	0.12840051331756983	0.11308517685052416	0.1458961305475612	0.01640547684851852	bca	ok	0.95	2000	2000	127	65	50	pubchem_cid			95% BCa bootstrap CI clustered by PubChem compound; uncertainty is over the observed compound panel, not broader chemical space.
l1000_phase2	sciplex	raw	table_5_dataset_pair	raw_target_peer_direction_agreement_pair_p05_fraction_below_observed	mean_raw_target_peer_direction_agreement_pair_p05_fraction_below_observed	0.9316564162990195	0.8868557579194006	0.9588726448693157	0.03600844347495752	bca	ok	0.95	2000	2000	127	65	50	pubchem_cid			95% BCa bootstrap CI clustered by PubChem compound; uncertainty is over the observed compound panel, not broader chemical space.
l1000_phase2	sciplex	raw	table_5_dataset_pair	raw_target_peer_direction_agreement_pair_p05_corrected_percentile	mean_raw_target_peer_direction_agreement_pair_p05_corrected_percentile	0.9319418477760557	0.8865779685232229	0.9593009094631968	0.036361470469986945	bca	ok	0.95	2000	2000	127	65	50	pubchem_cid			95% BCa bootstrap CI clustered by PubChem compound; uncertainty is over the observed compound panel, not broader chemical space.
l1000_phase2	tahoe	raw	table_5_dataset_pair	observed_direction_agreement_p05	mean_observed_direction_agreement_p05	0.6748082536247473	0.5658925522715017	0.7658126797478535	0.0999600637381759	bca	ok	0.95	2000	2000	134	40	32	pubchem_cid			95% BCa bootstrap CI clustered by PubChem compound; uncertainty is over the observed compound panel, not broader chemical space.
l1000_phase2	tahoe	raw	table_5_dataset_pair	baseline_pair_direction_agreement_p05	mean_baseline_pair_direction_agreement_p05	0.6857835363247601	0.6571507661023073	0.7111592585129184	0.02700424620530556	bca	ok	0.95	2000	2000	134	134	110	pubchem_cid			95% BCa bootstrap CI clustered by PubChem compound; uncertainty is over the observed compound panel, not broader chemical space.
l1000_phase2	tahoe	raw	table_5_dataset_pair	delta_vs_baseline_pair_direction_agreement_p05	mean_delta_vs_baseline_pair_direction_agreement_p05	-0.09307537171183428	-0.20135086664403515	0.0027117209544409125	0.10203129379923803	bca	ok	0.95	2000	2000	134	40	32	pubchem_cid			95% BCa bootstrap CI clustered by PubChem compound; uncertainty is over the observed compound panel, not broader chemical space.
l1000_phase2	tahoe	raw	table_5_dataset_pair	raw_source_centroid_direction_agreement_pair_p05	mean_raw_source_centroid_direction_agreement_pair_p05	0.6857835363247601	0.6578672133213099	0.7116049455525506	0.026868866115620338	bca	ok	0.95	2000	2000	134	134	110	pubchem_cid			95% BCa bootstrap CI clustered by PubChem compound; uncertainty is over the observed compound panel, not broader chemical space.
l1000_phase2	tahoe	raw	table_5_dataset_pair	raw_delta_vs_source_centroid_direction_agreement_p05	mean_raw_delta_vs_source_centroid_direction_agreement_p05	-0.09307537171183428	-0.20646639965889754	-0.005240975332298206	0.10061271216329967	bca	ok	0.95	2000	2000	134	40	32	pubchem_cid			95% BCa bootstrap CI clustered by PubChem compound; uncertainty is over the observed compound panel, not broader chemical space.
l1000_phase2	tahoe	raw	table_5_dataset_pair	raw_target_centroid_direction_agreement_pair_p05	mean_raw_target_centroid_direction_agreement_pair_p05	0.5287281068533056	0.5018896408588185	0.5545980519407999	0.026354205540990716	bca	ok	0.95	2000	2000	134	134	110	pubchem_cid			95% BCa bootstrap CI clustered by PubChem compound; uncertainty is over the observed compound panel, not broader chemical space.
l1000_phase2	tahoe	raw	table_5_dataset_pair	raw_delta_vs_target_centroid_direction_agreement_p05	mean_raw_delta_vs_target_centroid_direction_agreement_p05	0.167451491941987	0.038081022359802964	0.2606451639514673	0.11128207079583217	bca	ok	0.95	2000	2000	134	40	32	pubchem_cid			95% BCa bootstrap CI clustered by PubChem compound; uncertainty is over the observed compound panel, not broader chemical space.
l1000_phase2	tahoe	raw	table_5_dataset_pair	raw_source_peer_direction_agreement_pair_p05	mean_raw_source_peer_direction_agreement_pair_p05	0.5921748561930114	0.5784749003063365	0.6073442261217735	0.014434662907718498	bca	ok	0.95	2000	2000	134	40	32	pubchem_cid			95% BCa bootstrap CI clustered by PubChem compound; uncertainty is over the observed compound panel, not broader chemical space.
l1000_phase2	tahoe	raw	table_5_dataset_pair	raw_delta_vs_source_peer_direction_agreement_p05	mean_raw_delta_vs_source_peer_direction_agreement_p05	0.08263339743173591	-0.02628613060936773	0.1709795677899256	0.09863284919964667	bca	ok	0.95	2000	2000	134	40	32	pubchem_cid			95% BCa bootstrap CI clustered by PubChem compound; uncertainty is over the observed compound panel, not broader chemical space.
l1000_phase2	tahoe	raw	table_5_dataset_pair	raw_source_peer_direction_agreement_pair_p05_sd_score	mean_raw_source_peer_direction_agreement_pair_p05_sd_score	0.13823743762345306	0.12525210327611536	0.1536907047134658	0.01421930071867522	bca	ok	0.95	2000	2000	134	40	32	pubchem_cid			95% BCa bootstrap CI clustered by PubChem compound; uncertainty is over the observed compound panel, not broader chemical space.
l1000_phase2	tahoe	raw	table_5_dataset_pair	raw_source_peer_direction_agreement_pair_p05_fraction_below_observed	mean_raw_source_peer_direction_agreement_pair_p05_fraction_below_observed	0.6375679524739584	0.515760749231762	0.75231095673829	0.118275103753264	bca	ok	0.95	2000	2000	134	40	32	pubchem_cid			95% BCa bootstrap CI clustered by PubChem compound; uncertainty is over the observed compound panel, not broader chemical space.
l1000_phase2	tahoe	raw	table_5_dataset_pair	raw_source_peer_direction_agreement_pair_p05_corrected_percentile	mean_raw_source_peer_direction_agreement_pair_p05_corrected_percentile	0.6389781939040207	0.5159910989915295	0.7476684337701051	0.11583866738928777	bca	ok	0.95	2000	2000	134	40	32	pubchem_cid			95% BCa bootstrap CI clustered by PubChem compound; uncertainty is over the observed compound panel, not broader chemical space.
l1000_phase2	tahoe	raw	table_5_dataset_pair	raw_target_peer_direction_agreement_pair_p05	mean_raw_target_peer_direction_agreement_pair_p05	0.5015141451781953	0.49364602072317215	0.5093178176638518	0.007835898470339803	bca	ok	0.95	2000	2000	134	40	32	pubchem_cid			95% BCa bootstrap CI clustered by PubChem compound; uncertainty is over the observed compound panel, not broader chemical space.
l1000_phase2	tahoe	raw	table_5_dataset_pair	raw_delta_vs_target_peer_direction_agreement_p05	mean_raw_delta_vs_target_peer_direction_agreement_p05	0.17329410844655196	0.06759411494131759	0.26528751904400777	0.09884670205134509	bca	ok	0.95	2000	2000	134	40	32	pubchem_cid			95% BCa bootstrap CI clustered by PubChem compound; uncertainty is over the observed compound panel, not broader chemical space.
l1000_phase2	tahoe	raw	table_5_dataset_pair	raw_target_peer_direction_agreement_pair_p05_sd_score	mean_raw_target_peer_direction_agreement_pair_p05_sd_score	0.10379940653229822	0.08729669466844	0.12289539245404803	0.01779934889280401	bca	ok	0.95	2000	2000	134	40	32	pubchem_cid			95% BCa bootstrap CI clustered by PubChem compound; uncertainty is over the observed compound panel, not broader chemical space.
l1000_phase2	tahoe	raw	table_5_dataset_pair	raw_target_peer_direction_agreement_pair_p05_fraction_below_observed	mean_raw_target_peer_direction_agreement_pair_p05_fraction_below_observed	0.7188590494791667	0.5884286524398445	0.8314281530067235	0.12149975028343946	bca	ok	0.95	2000	2000	134	40	32	pubchem_cid			95% BCa bootstrap CI clustered by PubChem compound; uncertainty is over the observed compound panel, not broader chemical space.
l1000_phase2	tahoe	raw	table_5_dataset_pair	raw_target_peer_direction_agreement_pair_p05_corrected_percentile	mean_raw_target_peer_direction_agreement_pair_p05_corrected_percentile	0.7199529831387809	0.5932602723230456	0.8288508057464776	0.11779526671171603	bca	ok	0.95	2000	2000	134	40	32	pubchem_cid			95% BCa bootstrap CI clustered by PubChem compound; uncertainty is over the observed compound panel, not broader chemical space.
tahoe	sciplex	raw	table_5_dataset_pair	observed_direction_agreement_p05	mean_observed_direction_agreement_p05	0.8957179320303899	0.8360026672295625	0.9500998824945118	0.05704860763247466	bca	ok	0.95	2000	2000	23	8	8	pubchem_cid			95% BCa bootstrap CI clustered by PubChem compound; uncertainty is over the observed compound panel, not broader chemical space.
tahoe	sciplex	raw	table_5_dataset_pair	baseline_pair_direction_agreement_p05	mean_baseline_pair_direction_agreement_p05	0.8316508665979963	0.7884268137589626	0.8756233153392632	0.043598250790150284	bca	ok	0.95	2000	2000	23	23	23	pubchem_cid			95% BCa bootstrap CI clustered by PubChem compound; uncertainty is over the observed compound panel, not broader chemical space.
tahoe	sciplex	raw	table_5_dataset_pair	delta_vs_baseline_pair_direction_agreement_p05	mean_delta_vs_baseline_pair_direction_agreement_p05	0.08321488503243146	0.0030621846642088996	0.13261242604973558	0.06477512069276334	bca	ok	0.95	2000	2000	23	8	8	pubchem_cid			95% BCa bootstrap CI clustered by PubChem compound; uncertainty is over the observed compound panel, not broader chemical space.
tahoe	sciplex	raw	table_5_dataset_pair	raw_source_centroid_direction_agreement_pair_p05	mean_raw_source_centroid_direction_agreement_pair_p05	0.8316508665979963	0.7880255864280373	0.8769772160679038	0.044475814819933235	bca	ok	0.95	2000	2000	23	23	23	pubchem_cid			95% BCa bootstrap CI clustered by PubChem compound; uncertainty is over the observed compound panel, not broader chemical space.
tahoe	sciplex	raw	table_5_dataset_pair	raw_delta_vs_source_centroid_direction_agreement_p05	mean_raw_delta_vs_source_centroid_direction_agreement_p05	0.08321488503243146	-0.003473789864933578	0.1324029070233956	0.06793834844416459	bca	ok	0.95	2000	2000	23	8	8	pubchem_cid			95% BCa bootstrap CI clustered by PubChem compound; uncertainty is over the observed compound panel, not broader chemical space.
tahoe	sciplex	raw	table_5_dataset_pair	raw_target_centroid_direction_agreement_pair_p05	mean_raw_target_centroid_direction_agreement_pair_p05	0.5789485112866325	0.5201030038296075	0.6345095532015996	0.057203274685996064	bca	ok	0.95	2000	2000	23	23	23	pubchem_cid			95% BCa bootstrap CI clustered by PubChem compound; uncertainty is over the observed compound panel, not broader chemical space.
tahoe	sciplex	raw	table_5_dataset_pair	raw_delta_vs_target_centroid_direction_agreement_p05	mean_raw_delta_vs_target_centroid_direction_agreement_p05	0.34275676291769397	0.2831288609528141	0.4141017818368743	0.0654864604420301	bca	ok	0.95	2000	2000	23	8	8	pubchem_cid			95% BCa bootstrap CI clustered by PubChem compound; uncertainty is over the observed compound panel, not broader chemical space.
tahoe	sciplex	raw	table_5_dataset_pair	raw_source_peer_direction_agreement_pair_p05	mean_raw_source_peer_direction_agreement_pair_p05	0.6069177236333616	0.588186562356926	0.6258630469109796	0.018838242277026795	bca	ok	0.95	2000	2000	23	8	8	pubchem_cid			95% BCa bootstrap CI clustered by PubChem compound; uncertainty is over the observed compound panel, not broader chemical space.
tahoe	sciplex	raw	table_5_dataset_pair	raw_delta_vs_source_peer_direction_agreement_p05	mean_raw_delta_vs_source_peer_direction_agreement_p05	0.28880020839702825	0.2113180499054949	0.34634041373966823	0.06751118191708666	bca	ok	0.95	2000	2000	23	8	8	pubchem_cid			95% BCa bootstrap CI clustered by PubChem compound; uncertainty is over the observed compound panel, not broader chemical space.
tahoe	sciplex	raw	table_5_dataset_pair	raw_source_peer_direction_agreement_pair_p05_sd_score	mean_raw_source_peer_direction_agreement_pair_p05_sd_score	0.11803468767068434	0.09794397848928571	0.14366514449321122	0.022860583001962753	bca	ok	0.95	2000	2000	23	8	8	pubchem_cid			95% BCa bootstrap CI clustered by PubChem compound; uncertainty is over the observed compound panel, not broader chemical space.
tahoe	sciplex	raw	table_5_dataset_pair	raw_source_peer_direction_agreement_pair_p05_fraction_below_observed	mean_raw_source_peer_direction_agreement_pair_p05_fraction_below_observed	0.9198048187292285	0.8031038389800769	0.9891998545988189	0.093048007809371	bca	ok	0.95	2000	2000	23	8	8	pubchem_cid			95% BCa bootstrap CI clustered by PubChem compound; uncertainty is over the observed compound panel, not broader chemical space.
tahoe	sciplex	raw	table_5_dataset_pair	raw_source_peer_direction_agreement_pair_p05_corrected_percentile	mean_raw_source_peer_direction_agreement_pair_p05_corrected_percentile	0.9201674691307651	0.7808029666659586	0.9890497855786471	0.10412340945634424	bca	ok	0.95	2000	2000	23	8	8	pubchem_cid			95% BCa bootstrap CI clustered by PubChem compound; uncertainty is over the observed compound panel, not broader chemical space.
tahoe	sciplex	raw	table_5_dataset_pair	raw_target_peer_direction_agreement_pair_p05	mean_raw_target_peer_direction_agreement_pair_p05	0.516831786022052	0.4997644377042243	0.5373401325861689	0.018787847440972283	bca	ok	0.95	2000	2000	23	8	8	pubchem_cid			95% BCa bootstrap CI clustered by PubChem compound; uncertainty is over the observed compound panel, not broader chemical space.
tahoe	sciplex	raw	table_5_dataset_pair	raw_delta_vs_target_peer_direction_agreement_p05	mean_raw_delta_vs_target_peer_direction_agreement_p05	0.37888614600833775	0.3131698761875275	0.41821636608854296	0.052523244950507725	bca	ok	0.95	2000	2000	23	8	8	pubchem_cid			95% BCa bootstrap CI clustered by PubChem compound; uncertainty is over the observed compound panel, not broader chemical space.
tahoe	sciplex	raw	table_5_dataset_pair	raw_target_peer_direction_agreement_pair_p05_sd_score	mean_raw_target_peer_direction_agreement_pair_p05_sd_score	0.0804787310022874	0.061133574198804344	0.11381471795527341	0.026340571878234534	bca	ok	0.95	2000	2000	23	8	8	pubchem_cid			95% BCa bootstrap CI clustered by PubChem compound; uncertainty is over the observed compound panel, not broader chemical space.
tahoe	sciplex	raw	table_5_dataset_pair	raw_target_peer_direction_agreement_pair_p05_fraction_below_observed	mean_raw_target_peer_direction_agreement_pair_p05_fraction_below_observed	0.9566321212254214	0.765417150909755	0.99951171875	0.11704728392012248	bca	ok	0.95	2000	2000	23	8	8	pubchem_cid			95% BCa bootstrap CI clustered by PubChem compound; uncertainty is over the observed compound panel, not broader chemical space.
tahoe	sciplex	raw	table_5_dataset_pair	raw_target_peer_direction_agreement_pair_p05_corrected_percentile	mean_raw_target_peer_direction_agreement_pair_p05_corrected_percentile	0.9568356954981196	0.7866103841053844	0.9995136186770428	0.10645161728582919	bca	ok	0.95	2000	2000	23	8	8	pubchem_cid			95% BCa bootstrap CI clustered by PubChem compound; uncertainty is over the observed compound panel, not broader chemical space.
