dataset_name	similarity_metric	scale_variant	n_conditions	n_compounds	mean_candidates	Observed rank [95% CI]	Recall@1 [95% CI]	AUROC [95% CI]	Null rank	Centroid rank [95% CI]	Delta centroid [95% CI]	Observed minus null [95% CI]
cigs_mce	cosine	per_gene_population_zscore_dataset	21426	11126	32157.43582563241	0.807 [0.804, 0.810]	0.070 [0.067, 0.073]	0.687 [0.684, 0.690]	0.652	0.728 [0.724, 0.731]	0.079 [0.075, 0.083]	0.155 [0.153, 0.158]
cigs_mce	cosine	per_gene_population_zscore_dataset_cell_type	21426	11126	32157.43582563241	0.814 [0.812, 0.817]	0.071 [0.068, 0.075]	0.696 [0.693, 0.699]	0.652	0.399 [0.395, 0.402]	0.416 [0.411, 0.420]	0.163 [0.160, 0.165]
cigs_mce	cosine	raw	21426	11126	32157.43582563241	0.792 [0.789, 0.795]	0.067 [0.064, 0.070]	0.671 [0.668, 0.674]	0.652	0.761 [0.758, 0.764]	0.031 [0.027, 0.034]	0.140 [0.138, 0.143]
cigs_mce	spearman	per_gene_population_zscore_dataset	21426	11126	32157.43582563241	0.811 [0.808, 0.813]	0.069 [0.065, 0.072]	0.692 [0.689, 0.695]	0.652	0.706 [0.703, 0.710]	0.104 [0.101, 0.108]	0.159 [0.157, 0.161]
cigs_mce	spearman	per_gene_population_zscore_dataset_cell_type	21426	11126	32157.43582563241	0.818 [0.815, 0.820]	0.070 [0.066, 0.073]	0.700 [0.697, 0.703]	0.652	0.417 [0.413, 0.420]	0.401 [0.397, 0.406]	0.166 [0.164, 0.169]
cigs_mce	spearman	raw	21426	11126	32157.43582563241	0.796 [0.793, 0.799]	0.066 [0.063, 0.069]	0.675 [0.672, 0.679]	0.652	0.739 [0.736, 0.742]	0.057 [0.053, 0.060]	0.144 [0.142, 0.147]
cigs_tcm	cosine	per_gene_population_zscore_dataset	7020	1816	12234.447293447294	0.977 [0.976, 0.978]	0.251 [0.237, 0.264]	0.931 [0.928, 0.933]	0.688	0.838 [0.834, 0.842]	0.139 [0.135, 0.143]	0.289 [0.286, 0.291]
cigs_tcm	cosine	per_gene_population_zscore_dataset_cell_type	7020	1816	12234.447293447294	0.978 [0.977, 0.979]	0.255 [0.242, 0.270]	0.934 [0.932, 0.937]	0.688	0.789 [0.784, 0.794]	0.189 [0.184, 0.195]	0.290 [0.288, 0.293]
cigs_tcm	cosine	raw	7020	1816	12234.447293447294	0.963 [0.962, 0.965]	0.233 [0.220, 0.246]	0.898 [0.895, 0.901]	0.688	0.862 [0.858, 0.866]	0.102 [0.098, 0.106]	0.275 [0.273, 0.278]
cigs_tcm	spearman	per_gene_population_zscore_dataset	7020	1816	12234.447293447294	0.980 [0.979, 0.981]	0.263 [0.249, 0.276]	0.940 [0.937, 0.942]	0.688	0.841 [0.837, 0.845]	0.139 [0.135, 0.144]	0.292 [0.290, 0.295]
cigs_tcm	spearman	per_gene_population_zscore_dataset_cell_type	7020	1816	12234.447293447294	0.981 [0.980, 0.982]	0.267 [0.253, 0.280]	0.942 [0.939, 0.944]	0.688	0.784 [0.778, 0.789]	0.197 [0.192, 0.202]	0.293 [0.291, 0.295]
cigs_tcm	spearman	raw	7020	1816	12234.447293447294	0.976 [0.975, 0.977]	0.247 [0.233, 0.260]	0.929 [0.926, 0.932]	0.688	0.863 [0.859, 0.867]	0.113 [0.109, 0.117]	0.288 [0.286, 0.291]
dilimap_train_val	cosine	per_gene_population_zscore_dataset	1184	299	4992.0	0.998 [0.996, 0.998]	0.550 [0.507, 0.593]	0.993 [0.991, 0.994]	0.717	0.660 [0.641, 0.681]	0.338 [0.318, 0.358]	0.280 [0.270, 0.290]
dilimap_train_val	cosine	per_gene_population_zscore_dataset_cell_type	1184	299	4992.0	0.998 [0.996, 0.998]	0.550 [0.509, 0.594]	0.993 [0.991, 0.994]	0.717	0.660 [0.640, 0.680]	0.338 [0.318, 0.357]	0.280 [0.270, 0.290]
dilimap_train_val	cosine	raw	1184	299	4992.0	0.997 [0.996, 0.998]	0.528 [0.481, 0.574]	0.993 [0.991, 0.994]	0.717	0.799 [0.778, 0.817]	0.198 [0.179, 0.218]	0.280 [0.270, 0.290]
dilimap_train_val	spearman	per_gene_population_zscore_dataset	1184	299	4992.0	0.998 [0.996, 0.998]	0.564 [0.520, 0.605]	0.992 [0.990, 0.993]	0.717	0.629 [0.609, 0.649]	0.368 [0.349, 0.387]	0.280 [0.270, 0.290]
dilimap_train_val	spearman	per_gene_population_zscore_dataset_cell_type	1184	299	4992.0	0.998 [0.996, 0.998]	0.564 [0.526, 0.609]	0.992 [0.990, 0.993]	0.717	0.629 [0.610, 0.648]	0.368 [0.349, 0.387]	0.280 [0.270, 0.290]
dilimap_train_val	spearman	raw	1184	299	4992.0	0.996 [0.995, 0.997]	0.556 [0.513, 0.599]	0.988 [0.986, 0.990]	0.717	0.694 [0.672, 0.714]	0.302 [0.282, 0.323]	0.279 [0.269, 0.289]
gdpx2	cosine	per_gene_population_zscore_dataset	2064	86	2231.0	0.994 [0.993, 0.995]	0.364 [0.315, 0.418]	0.981 [0.975, 0.985]	0.753	0.910 [0.891, 0.922]	0.084 [0.072, 0.102]	0.241 [0.230, 0.244]
gdpx2	cosine	per_gene_population_zscore_dataset_cell_type	2064	86	2231.0	0.994 [0.992, 0.995]	0.371 [0.321, 0.428]	0.981 [0.975, 0.984]	0.753	0.820 [0.796, 0.842]	0.174 [0.153, 0.198]	0.241 [0.230, 0.244]
gdpx2	cosine	raw	2064	86	2231.0	0.994 [0.993, 0.995]	0.366 [0.317, 0.422]	0.984 [0.978, 0.988]	0.753	0.954 [0.947, 0.959]	0.040 [0.035, 0.047]	0.241 [0.232, 0.244]
gdpx2	spearman	per_gene_population_zscore_dataset	2064	86	2231.0	0.994 [0.993, 0.995]	0.384 [0.334, 0.444]	0.980 [0.974, 0.983]	0.753	0.901 [0.882, 0.913]	0.093 [0.081, 0.112]	0.241 [0.231, 0.244]
gdpx2	spearman	per_gene_population_zscore_dataset_cell_type	2064	86	2231.0	0.994 [0.993, 0.995]	0.389 [0.335, 0.449]	0.980 [0.975, 0.983]	0.753	0.803 [0.777, 0.824]	0.191 [0.170, 0.216]	0.241 [0.230, 0.244]
gdpx2	spearman	raw	2064	86	2231.0	0.994 [0.992, 0.995]	0.378 [0.326, 0.433]	0.982 [0.976, 0.985]	0.753	0.947 [0.941, 0.952]	0.047 [0.042, 0.052]	0.241 [0.228, 0.244]
l1000_phase1	cosine	per_gene_population_zscore_dataset	2517	272	1289.0484704012713	0.846 [0.831, 0.860]	0.110 [0.090, 0.134]	0.690 [0.670, 0.712]	0.712	0.761 [0.745, 0.774]	0.086 [0.071, 0.102]	0.133 [0.120, 0.146]
l1000_phase1	cosine	per_gene_population_zscore_dataset_cell_type	2517	272	1289.0484704012713	0.847 [0.833, 0.862]	0.110 [0.090, 0.133]	0.693 [0.673, 0.714]	0.712	0.710 [0.696, 0.726]	0.138 [0.121, 0.156]	0.135 [0.123, 0.148]
l1000_phase1	cosine	raw	2517	272	1289.0484704012713	0.834 [0.817, 0.848]	0.103 [0.084, 0.127]	0.675 [0.654, 0.695]	0.712	0.776 [0.759, 0.789]	0.060 [0.044, 0.075]	0.122 [0.109, 0.135]
l1000_phase1	spearman	per_gene_population_zscore_dataset	2517	272	1289.0484704012713	0.861 [0.846, 0.875]	0.115 [0.095, 0.141]	0.711 [0.692, 0.733]	0.712	0.715 [0.700, 0.729]	0.147 [0.130, 0.163]	0.149 [0.136, 0.161]
l1000_phase1	spearman	per_gene_population_zscore_dataset_cell_type	2517	272	1289.0484704012713	0.864 [0.849, 0.878]	0.115 [0.096, 0.140]	0.716 [0.697, 0.736]	0.712	0.668 [0.653, 0.685]	0.197 [0.179, 0.213]	0.152 [0.139, 0.164]
l1000_phase1	spearman	raw	2517	272	1289.0484704012713	0.855 [0.840, 0.869]	0.112 [0.092, 0.135]	0.701 [0.682, 0.725]	0.712	0.728 [0.714, 0.743]	0.127 [0.110, 0.142]	0.142 [0.129, 0.155]
l1000_phase2	cosine	per_gene_population_zscore_dataset	2614	226	1887.8653404743688	0.868 [0.856, 0.880]	0.157 [0.125, 0.198]	0.732 [0.716, 0.748]	0.694	0.672 [0.653, 0.691]	0.196 [0.179, 0.213]	0.174 [0.165, 0.184]
l1000_phase2	cosine	per_gene_population_zscore_dataset_cell_type	2614	226	1887.8653404743688	0.875 [0.864, 0.885]	0.161 [0.128, 0.202]	0.746 [0.730, 0.761]	0.694	0.630 [0.611, 0.649]	0.245 [0.225, 0.264]	0.181 [0.172, 0.190]
l1000_phase2	cosine	raw	2614	226	1887.8653404743688	0.838 [0.824, 0.851]	0.147 [0.116, 0.188]	0.684 [0.667, 0.703]	0.694	0.699 [0.680, 0.718]	0.138 [0.121, 0.156]	0.144 [0.133, 0.155]
l1000_phase2	spearman	per_gene_population_zscore_dataset	2614	226	1887.8653404743688	0.893 [0.883, 0.901]	0.168 [0.137, 0.210]	0.773 [0.759, 0.786]	0.694	0.598 [0.577, 0.619]	0.295 [0.276, 0.314]	0.199 [0.190, 0.207]
l1000_phase2	spearman	per_gene_population_zscore_dataset_cell_type	2614	226	1887.8653404743688	0.895 [0.886, 0.904]	0.170 [0.138, 0.210]	0.778 [0.765, 0.792]	0.694	0.580 [0.559, 0.600]	0.315 [0.294, 0.335]	0.201 [0.193, 0.210]
l1000_phase2	spearman	raw	2614	226	1887.8653404743688	0.887 [0.877, 0.897]	0.163 [0.131, 0.199]	0.762 [0.749, 0.778]	0.694	0.608 [0.585, 0.632]	0.279 [0.259, 0.300]	0.193 [0.185, 0.202]
novartis_batch_2500	cosine	per_gene_population_zscore_dataset	15276	3819	48607.0	0.890 [0.888, 0.892]	0.058 [0.052, 0.065]	0.792 [0.788, 0.796]	0.677	0.900 [0.897, 0.902]	-0.010 [-0.013, -0.006]	0.213 [0.211, 0.216]
novartis_batch_2500	cosine	per_gene_population_zscore_dataset_cell_type	15276	3819	48607.0	0.890 [0.887, 0.892]	0.058 [0.052, 0.066]	0.792 [0.788, 0.796]	0.677	0.900 [0.897, 0.902]	-0.010 [-0.013, -0.006]	0.213 [0.211, 0.216]
novartis_batch_2500	cosine	raw	15276	3819	48607.0	0.865 [0.862, 0.868]	0.055 [0.048, 0.062]	0.754 [0.750, 0.758]	0.677	0.965 [0.962, 0.967]	-0.100 [-0.103, -0.096]	0.189 [0.186, 0.191]
novartis_batch_2500	spearman	per_gene_population_zscore_dataset	15276	3819	48607.0	0.892 [0.890, 0.895]	0.056 [0.050, 0.064]	0.796 [0.792, 0.800]	0.677	0.882 [0.880, 0.885]	0.010 [0.007, 0.014]	0.216 [0.213, 0.218]
novartis_batch_2500	spearman	per_gene_population_zscore_dataset_cell_type	15276	3819	48607.0	0.892 [0.890, 0.895]	0.056 [0.050, 0.064]	0.796 [0.792, 0.800]	0.677	0.882 [0.879, 0.884]	0.010 [0.007, 0.014]	0.216 [0.213, 0.218]
novartis_batch_2500	spearman	raw	15276	3819	48607.0	0.873 [0.870, 0.875]	0.054 [0.048, 0.061]	0.767 [0.763, 0.771]	0.677	0.947 [0.944, 0.950]	-0.074 [-0.078, -0.070]	0.196 [0.194, 0.199]
op3	cosine	per_gene_population_zscore_dataset	541	138	400.91682070240296	0.798 [0.775, 0.823]	0.112 [0.081, 0.159]	0.710 [0.678, 0.744]	0.663	0.857 [0.843, 0.870]	-0.059 [-0.085, -0.032]	0.136 [0.110, 0.160]
op3	cosine	per_gene_population_zscore_dataset_cell_type	541	138	400.91682070240296	0.800 [0.774, 0.822]	0.114 [0.080, 0.160]	0.713 [0.681, 0.745]	0.663	0.273 [0.253, 0.289]	0.527 [0.492, 0.568]	0.137 [0.112, 0.163]
op3	cosine	raw	541	138	400.91682070240296	0.769 [0.742, 0.798]	0.112 [0.079, 0.160]	0.665 [0.625, 0.703]	0.663	0.863 [0.836, 0.887]	-0.094 [-0.124, -0.059]	0.107 [0.077, 0.135]
op3	spearman	per_gene_population_zscore_dataset	541	138	400.91682070240296	0.806 [0.780, 0.827]	0.114 [0.078, 0.155]	0.718 [0.685, 0.749]	0.663	0.856 [0.843, 0.867]	-0.051 [-0.076, -0.025]	0.143 [0.119, 0.167]
op3	spearman	per_gene_population_zscore_dataset_cell_type	541	138	400.91682070240296	0.811 [0.788, 0.832]	0.115 [0.082, 0.159]	0.724 [0.692, 0.754]	0.663	0.254 [0.236, 0.273]	0.557 [0.520, 0.593]	0.148 [0.125, 0.173]
op3	spearman	raw	541	138	400.91682070240296	0.776 [0.746, 0.802]	0.115 [0.080, 0.156]	0.676 [0.638, 0.711]	0.663	0.876 [0.850, 0.896]	-0.100 [-0.129, -0.069]	0.114 [0.085, 0.142]
sciplex	cosine	per_gene_population_zscore_dataset	2224	187	1306.091726618705	0.616 [0.595, 0.638]	0.002 [0.001, 0.005]	0.615 [0.593, 0.635]	0.501	0.937 [0.934, 0.939]	-0.321 [-0.343, -0.299]	0.114 [0.093, 0.134]
sciplex	cosine	per_gene_population_zscore_dataset_cell_type	2224	187	1306.091726618705	0.616 [0.594, 0.639]	0.003 [0.002, 0.006]	0.615 [0.594, 0.640]	0.501	0.920 [0.908, 0.925]	-0.304 [-0.328, -0.276]	0.115 [0.093, 0.139]
sciplex	cosine	raw	2224	187	1306.091726618705	0.611 [0.590, 0.635]	0.002 [0.001, 0.004]	0.610 [0.589, 0.634]	0.501	0.942 [0.941, 0.944]	-0.331 [-0.353, -0.309]	0.110 [0.086, 0.132]
sciplex	spearman	per_gene_population_zscore_dataset	2224	187	1306.091726618705	0.639 [0.620, 0.662]	0.002 [0.001, 0.004]	0.639 [0.618, 0.659]	0.501	0.936 [0.932, 0.938]	-0.297 [-0.317, -0.274]	0.138 [0.117, 0.160]
sciplex	spearman	per_gene_population_zscore_dataset_cell_type	2224	187	1306.091726618705	0.644 [0.623, 0.665]	0.003 [0.001, 0.005]	0.643 [0.622, 0.665]	0.501	0.912 [0.902, 0.918]	-0.269 [-0.291, -0.241]	0.142 [0.123, 0.163]
sciplex	spearman	raw	2224	187	1306.091726618705	0.616 [0.594, 0.639]	0.002 [0.001, 0.004]	0.615 [0.594, 0.639]	0.501	0.942 [0.940, 0.943]	-0.326 [-0.347, -0.303]	0.115 [0.092, 0.140]
tahoe	cosine	per_gene_population_zscore_dataset	7226	114	320.3587046775533	0.648 [0.611, 0.687]	0.024 [0.008, 0.060]	0.642 [0.605, 0.679]	0.509	0.902 [0.881, 0.919]	-0.254 [-0.292, -0.205]	0.138 [0.102, 0.174]
tahoe	cosine	per_gene_population_zscore_dataset_cell_type	7226	114	320.3587046775533	0.669 [0.634, 0.702]	0.026 [0.009, 0.061]	0.664 [0.630, 0.696]	0.509	0.832 [0.794, 0.861]	-0.163 [-0.206, -0.096]	0.160 [0.126, 0.191]
tahoe	cosine	raw	7226	114	320.3587046775533	0.577 [0.537, 0.622]	0.016 [0.004, 0.047]	0.570 [0.530, 0.612]	0.509	0.932 [0.919, 0.945]	-0.355 [-0.390, -0.304]	0.068 [0.027, 0.112]
tahoe	spearman	per_gene_population_zscore_dataset	7226	114	320.3587046775533	0.658 [0.621, 0.695]	0.023 [0.008, 0.057]	0.652 [0.616, 0.686]	0.509	0.889 [0.865, 0.907]	-0.231 [-0.269, -0.182]	0.148 [0.112, 0.183]
tahoe	spearman	per_gene_population_zscore_dataset_cell_type	7226	114	320.3587046775533	0.675 [0.643, 0.707]	0.025 [0.009, 0.059]	0.669 [0.635, 0.701]	0.509	0.826 [0.787, 0.854]	-0.151 [-0.197, -0.093]	0.165 [0.131, 0.195]
tahoe	spearman	raw	7226	114	320.3587046775533	0.612 [0.568, 0.648]	0.017 [0.005, 0.047]	0.605 [0.566, 0.645]	0.509	0.920 [0.903, 0.935]	-0.308 [-0.345, -0.259]	0.103 [0.063, 0.141]
vcpi_0001	cosine	per_gene_population_zscore_dataset	13283	2272	27143.0	0.959 [0.957, 0.961]	0.035 [0.030, 0.042]	0.958 [0.956, 0.960]	0.505	0.542 [0.536, 0.548]	0.417 [0.411, 0.423]	0.453 [0.451, 0.456]
vcpi_0001	cosine	per_gene_population_zscore_dataset_cell_type	13283	2272	27143.0	0.959 [0.957, 0.961]	0.035 [0.030, 0.043]	0.958 [0.956, 0.960]	0.505	0.542 [0.536, 0.548]	0.417 [0.410, 0.424]	0.453 [0.451, 0.456]
vcpi_0001	cosine	raw	13283	2272	27143.0	0.993 [0.993, 0.993]	0.035 [0.029, 0.041]	0.993 [0.993, 0.993]	0.505	0.894 [0.891, 0.896]	0.100 [0.097, 0.102]	0.488 [0.486, 0.489]
vcpi_0001	spearman	per_gene_population_zscore_dataset	13283	2272	27143.0	0.957 [0.955, 0.959]	0.037 [0.031, 0.044]	0.956 [0.954, 0.958]	0.505	0.528 [0.522, 0.534]	0.429 [0.423, 0.435]	0.452 [0.449, 0.454]
vcpi_0001	spearman	per_gene_population_zscore_dataset_cell_type	13283	2272	27143.0	0.957 [0.955, 0.959]	0.037 [0.031, 0.044]	0.956 [0.954, 0.958]	0.505	0.528 [0.522, 0.534]	0.429 [0.422, 0.435]	0.452 [0.449, 0.454]
vcpi_0001	spearman	raw	13283	2272	27143.0	0.990 [0.989, 0.990]	0.036 [0.030, 0.043]	0.990 [0.989, 0.990]	0.505	0.748 [0.743, 0.754]	0.242 [0.236, 0.247]	0.485 [0.483, 0.486]
vcpi_0002	cosine	per_gene_population_zscore_dataset	8825	1488	19879.0	0.971 [0.969, 0.973]	0.143 [0.127, 0.160]	0.968 [0.966, 0.970]	0.532	0.555 [0.548, 0.561]	0.417 [0.410, 0.423]	0.440 [0.435, 0.443]
vcpi_0002	cosine	per_gene_population_zscore_dataset_cell_type	8825	1488	19879.0	0.971 [0.969, 0.973]	0.143 [0.127, 0.161]	0.968 [0.966, 0.970]	0.532	0.555 [0.548, 0.561]	0.417 [0.410, 0.423]	0.440 [0.435, 0.444]
vcpi_0002	cosine	raw	8825	1488	19879.0	0.991 [0.991, 0.991]	0.141 [0.124, 0.159]	0.990 [0.990, 0.990]	0.532	0.916 [0.912, 0.918]	0.076 [0.073, 0.079]	0.460 [0.455, 0.463]
vcpi_0002	spearman	per_gene_population_zscore_dataset	8825	1488	19879.0	0.971 [0.969, 0.973]	0.145 [0.128, 0.163]	0.968 [0.966, 0.970]	0.532	0.530 [0.524, 0.536]	0.441 [0.434, 0.448]	0.439 [0.435, 0.443]
vcpi_0002	spearman	per_gene_population_zscore_dataset_cell_type	8825	1488	19879.0	0.971 [0.969, 0.973]	0.145 [0.128, 0.163]	0.968 [0.966, 0.970]	0.532	0.530 [0.523, 0.536]	0.441 [0.434, 0.448]	0.439 [0.435, 0.443]
vcpi_0002	spearman	raw	8825	1488	19879.0	0.989 [0.989, 0.990]	0.144 [0.128, 0.161]	0.988 [0.988, 0.989]	0.532	0.837 [0.831, 0.842]	0.152 [0.147, 0.157]	0.458 [0.454, 0.461]
