task_id	analysis	dataset_a	dataset_b	cell_type	time_key	left_dose_key	right_dose_key	query_obs_id	left_obs_id	right_obs_id	stage	reason	error
23	retrieval	l1000_phase1	sciplex	CVCL_0023	24			plate10_plate4_E3_alisertib_CVCL_0023			pool_resolution	right_pool_unresolved_source_row	"""Could not resolve obs_id='plate10_plate4_E3_alisertib_CVCL_0023' in /home/cirro/Chem-PerturBridge_analysis/data/theislab_temp/sciplex/group_rep/CVCL_0023_de.h5ad. Tried ['plate10_plate4_E3_alisertib_CVCL_0023', '24771867|0.1|24|CVCL_0023']. Available lookup keys: 2,742"""
23	retrieval	l1000_phase1	sciplex	CVCL_0023	24			plate11_plate5_B1_KW-2449_CVCL_0023			pool_resolution	right_pool_unresolved_source_row	"""Could not resolve obs_id='plate11_plate5_B1_KW-2449_CVCL_0023' in /home/cirro/Chem-PerturBridge_analysis/data/theislab_temp/sciplex/group_rep/CVCL_0023_de.h5ad. Tried ['plate11_plate5_B1_KW-2449_CVCL_0023', '11427553|10|24|CVCL_0023']. Available lookup keys: 2,742"""
23	retrieval	l1000_phase1	sciplex	CVCL_0023	24			plate15_plate9_C2_rigosertib_CVCL_0023			pool_resolution	right_pool_unresolved_source_row	"""Could not resolve obs_id='plate15_plate9_C2_rigosertib_CVCL_0023' in /home/cirro/Chem-PerturBridge_analysis/data/theislab_temp/sciplex/group_rep/CVCL_0023_de.h5ad. Tried ['plate15_plate9_C2_rigosertib_CVCL_0023', '6918736|10|24|CVCL_0023']. Available lookup keys: 2,742"""
23	retrieval	l1000_phase1	sciplex	CVCL_0023	24			plate33_plate3_E9_alisertib_CVCL_0023			pool_resolution	right_pool_unresolved_source_row	"""Could not resolve obs_id='plate33_plate3_E9_alisertib_CVCL_0023' in /home/cirro/Chem-PerturBridge_analysis/data/theislab_temp/sciplex/group_rep/CVCL_0023_de.h5ad. Tried ['plate33_plate3_E9_alisertib_CVCL_0023', '24771867|0.1|24|CVCL_0023']. Available lookup keys: 2,742"""
23	retrieval	l1000_phase1	sciplex	CVCL_0023	24			plate33_plate3_F2_rucaparib_CVCL_0023			pool_resolution	right_pool_unresolved_source_row	"""Could not resolve obs_id='plate33_plate3_F2_rucaparib_CVCL_0023' in /home/cirro/Chem-PerturBridge_analysis/data/theislab_temp/sciplex/group_rep/CVCL_0023_de.h5ad. Tried ['plate33_plate3_F2_rucaparib_CVCL_0023', '9931954|1|24|CVCL_0023']. Available lookup keys: 2,742"""
23	retrieval	l1000_phase1	sciplex	CVCL_0023	24			plate33_plate3_G2_MLN8054_CVCL_0023			pool_resolution	right_pool_unresolved_source_row	"""Could not resolve obs_id='plate33_plate3_G2_MLN8054_CVCL_0023' in /home/cirro/Chem-PerturBridge_analysis/data/theislab_temp/sciplex/group_rep/CVCL_0023_de.h5ad. Tried ['plate33_plate3_G2_MLN8054_CVCL_0023', '11712649|1|24|CVCL_0023']. Available lookup keys: 2,742"""
23	retrieval	l1000_phase1	sciplex	CVCL_0023	24			plate34_plate4_A9_Danusertib_CVCL_0023			pool_resolution	right_pool_unresolved_source_row	"""Could not resolve obs_id='plate34_plate4_A9_Danusertib_CVCL_0023' in /home/cirro/Chem-PerturBridge_analysis/data/theislab_temp/sciplex/group_rep/CVCL_0023_de.h5ad. Tried ['plate34_plate4_A9_Danusertib_CVCL_0023', '11442891|10|24|CVCL_0023']. Available lookup keys: 2,742"""
23	retrieval	l1000_phase1	sciplex	CVCL_0023	24			plate36_plate6_B7_KW-2449_CVCL_0023			pool_resolution	right_pool_unresolved_source_row	"""Could not resolve obs_id='plate36_plate6_B7_KW-2449_CVCL_0023' in /home/cirro/Chem-PerturBridge_analysis/data/theislab_temp/sciplex/group_rep/CVCL_0023_de.h5ad. Tried ['plate36_plate6_B7_KW-2449_CVCL_0023', '11427553|10|24|CVCL_0023']. Available lookup keys: 2,742"""
23	retrieval	l1000_phase1	sciplex	CVCL_0023	24			plate40_plate10_C8_rigosertib_CVCL_0023			pool_resolution	right_pool_unresolved_source_row	"""Could not resolve obs_id='plate40_plate10_C8_rigosertib_CVCL_0023' in /home/cirro/Chem-PerturBridge_analysis/data/theislab_temp/sciplex/group_rep/CVCL_0023_de.h5ad. Tried ['plate40_plate10_C8_rigosertib_CVCL_0023', '6918736|10|24|CVCL_0023']. Available lookup keys: 2,742"""
23	retrieval	l1000_phase1	sciplex	CVCL_0023	24			plate9_plate3_A3_Danusertib_CVCL_0023			pool_resolution	right_pool_unresolved_source_row	"""Could not resolve obs_id='plate9_plate3_A3_Danusertib_CVCL_0023' in /home/cirro/Chem-PerturBridge_analysis/data/theislab_temp/sciplex/group_rep/CVCL_0023_de.h5ad. Tried ['plate9_plate3_A3_Danusertib_CVCL_0023', '11442891|10|24|CVCL_0023']. Available lookup keys: 2,742"""
23	retrieval	l1000_phase1	sciplex	CVCL_0023	24			plate9_plate3_F8_MLN8054_CVCL_0023			pool_resolution	right_pool_unresolved_source_row	"""Could not resolve obs_id='plate9_plate3_F8_MLN8054_CVCL_0023' in /home/cirro/Chem-PerturBridge_analysis/data/theislab_temp/sciplex/group_rep/CVCL_0023_de.h5ad. Tried ['plate9_plate3_F8_MLN8054_CVCL_0023', '11712649|1|24|CVCL_0023']. Available lookup keys: 2,742"""
23	retrieval	l1000_phase1	sciplex	CVCL_0023	24			plate9_plate3_G8_rucaparib_CVCL_0023			pool_resolution	right_pool_unresolved_source_row	"""Could not resolve obs_id='plate9_plate3_G8_rucaparib_CVCL_0023' in /home/cirro/Chem-PerturBridge_analysis/data/theislab_temp/sciplex/group_rep/CVCL_0023_de.h5ad. Tried ['plate9_plate3_G8_rucaparib_CVCL_0023', '9931954|1|24|CVCL_0023']. Available lookup keys: 2,742"""
24	retrieval	l1000_phase1	sciplex	CVCL_0031	24			plate21_plate7_F3_alvespimycin_CVCL_0031			pool_resolution	right_pool_unresolved_source_row	"""Could not resolve obs_id='plate21_plate7_F3_alvespimycin_CVCL_0031' in /home/cirro/Chem-PerturBridge_analysis/data/theislab_temp/sciplex/group_rep/CVCL_0031_de.h5ad. Tried ['plate21_plate7_F3_alvespimycin_CVCL_0031', '5288674|10|24|CVCL_0031']. Available lookup keys: 2,220"""
24	retrieval	l1000_phase1	sciplex	CVCL_0031	24			plate23_plate9_G10_Flavopiridol_CVCL_0031			pool_resolution	right_pool_unresolved_source_row	"""Could not resolve obs_id='plate23_plate9_G10_Flavopiridol_CVCL_0031' in /home/cirro/Chem-PerturBridge_analysis/data/theislab_temp/sciplex/group_rep/CVCL_0031_de.h5ad. Tried ['plate23_plate9_G10_Flavopiridol_CVCL_0031', '5287969|1|24|CVCL_0031']. Available lookup keys: 2,220"""
24	retrieval	l1000_phase1	sciplex	CVCL_0031	24			plate42_plate4_D10_Bisindolylmaleimide_CVCL_0031			pool_resolution	right_pool_unresolved_source_row	"""Could not resolve obs_id='plate42_plate4_D10_Bisindolylmaleimide_CVCL_0031' in /home/cirro/Chem-PerturBridge_analysis/data/theislab_temp/sciplex/group_rep/CVCL_0031_de.h5ad. Tried ['plate42_plate4_D10_Bisindolylmaleimide_CVCL_0031', '2399|10|24|CVCL_0031']. Available lookup keys: 2,220"""
24	retrieval	l1000_phase1	sciplex	CVCL_0031	24			plate47_plate9_G4_Flavopiridol_CVCL_0031			pool_resolution	right_pool_unresolved_source_row	"""Could not resolve obs_id='plate47_plate9_G4_Flavopiridol_CVCL_0031' in /home/cirro/Chem-PerturBridge_analysis/data/theislab_temp/sciplex/group_rep/CVCL_0031_de.h5ad. Tried ['plate47_plate9_G4_Flavopiridol_CVCL_0031', '5287969|1|24|CVCL_0031']. Available lookup keys: 2,220"""
24	retrieval	l1000_phase1	sciplex	CVCL_0031	24			plate48_plate10_G10_Flavopiridol_CVCL_0031			pool_resolution	right_pool_unresolved_source_row	"""Could not resolve obs_id='plate48_plate10_G10_Flavopiridol_CVCL_0031' in /home/cirro/Chem-PerturBridge_analysis/data/theislab_temp/sciplex/group_rep/CVCL_0031_de.h5ad. Tried ['plate48_plate10_G10_Flavopiridol_CVCL_0031', '5287969|10|24|CVCL_0031']. Available lookup keys: 2,220"""
28	retrieval	l1000_phase2	sciplex	CVCL_0031	24			plate21_plate7_F3_alvespimycin_CVCL_0031			pool_resolution	right_pool_unresolved_source_row	"""Could not resolve obs_id='plate21_plate7_F3_alvespimycin_CVCL_0031' in /home/cirro/Chem-PerturBridge_analysis/data/theislab_temp/sciplex/group_rep/CVCL_0031_de.h5ad. Tried ['plate21_plate7_F3_alvespimycin_CVCL_0031', '5288674|10|24|CVCL_0031']. Available lookup keys: 2,220"""
28	retrieval	l1000_phase2	sciplex	CVCL_0031	24			plate23_plate9_G10_Flavopiridol_CVCL_0031			pool_resolution	right_pool_unresolved_source_row	"""Could not resolve obs_id='plate23_plate9_G10_Flavopiridol_CVCL_0031' in /home/cirro/Chem-PerturBridge_analysis/data/theislab_temp/sciplex/group_rep/CVCL_0031_de.h5ad. Tried ['plate23_plate9_G10_Flavopiridol_CVCL_0031', '5287969|1|24|CVCL_0031']. Available lookup keys: 2,220"""
28	retrieval	l1000_phase2	sciplex	CVCL_0031	24			plate42_plate4_D10_Bisindolylmaleimide_CVCL_0031			pool_resolution	right_pool_unresolved_source_row	"""Could not resolve obs_id='plate42_plate4_D10_Bisindolylmaleimide_CVCL_0031' in /home/cirro/Chem-PerturBridge_analysis/data/theislab_temp/sciplex/group_rep/CVCL_0031_de.h5ad. Tried ['plate42_plate4_D10_Bisindolylmaleimide_CVCL_0031', '2399|10|24|CVCL_0031']. Available lookup keys: 2,220"""
28	retrieval	l1000_phase2	sciplex	CVCL_0031	24			plate47_plate9_G4_Flavopiridol_CVCL_0031			pool_resolution	right_pool_unresolved_source_row	"""Could not resolve obs_id='plate47_plate9_G4_Flavopiridol_CVCL_0031' in /home/cirro/Chem-PerturBridge_analysis/data/theislab_temp/sciplex/group_rep/CVCL_0031_de.h5ad. Tried ['plate47_plate9_G4_Flavopiridol_CVCL_0031', '5287969|1|24|CVCL_0031']. Available lookup keys: 2,220"""
28	retrieval	l1000_phase2	sciplex	CVCL_0031	24			plate48_plate10_G10_Flavopiridol_CVCL_0031			pool_resolution	right_pool_unresolved_source_row	"""Could not resolve obs_id='plate48_plate10_G10_Flavopiridol_CVCL_0031' in /home/cirro/Chem-PerturBridge_analysis/data/theislab_temp/sciplex/group_rep/CVCL_0031_de.h5ad. Tried ['plate48_plate10_G10_Flavopiridol_CVCL_0031', '5287969|10|24|CVCL_0031']. Available lookup keys: 2,220"""
29	retrieval	l1000_phase2	sciplex	CVCL_0023	24			plate10_plate4_E3_alisertib_CVCL_0023			pool_resolution	right_pool_unresolved_source_row	"""Could not resolve obs_id='plate10_plate4_E3_alisertib_CVCL_0023' in /home/cirro/Chem-PerturBridge_analysis/data/theislab_temp/sciplex/group_rep/CVCL_0023_de.h5ad. Tried ['plate10_plate4_E3_alisertib_CVCL_0023', '24771867|0.1|24|CVCL_0023']. Available lookup keys: 2,742"""
29	retrieval	l1000_phase2	sciplex	CVCL_0023	24			plate11_plate5_B1_KW-2449_CVCL_0023			pool_resolution	right_pool_unresolved_source_row	"""Could not resolve obs_id='plate11_plate5_B1_KW-2449_CVCL_0023' in /home/cirro/Chem-PerturBridge_analysis/data/theislab_temp/sciplex/group_rep/CVCL_0023_de.h5ad. Tried ['plate11_plate5_B1_KW-2449_CVCL_0023', '11427553|10|24|CVCL_0023']. Available lookup keys: 2,742"""
29	retrieval	l1000_phase2	sciplex	CVCL_0023	24			plate15_plate9_C2_rigosertib_CVCL_0023			pool_resolution	right_pool_unresolved_source_row	"""Could not resolve obs_id='plate15_plate9_C2_rigosertib_CVCL_0023' in /home/cirro/Chem-PerturBridge_analysis/data/theislab_temp/sciplex/group_rep/CVCL_0023_de.h5ad. Tried ['plate15_plate9_C2_rigosertib_CVCL_0023', '6918736|10|24|CVCL_0023']. Available lookup keys: 2,742"""
29	retrieval	l1000_phase2	sciplex	CVCL_0023	24			plate33_plate3_E9_alisertib_CVCL_0023			pool_resolution	right_pool_unresolved_source_row	"""Could not resolve obs_id='plate33_plate3_E9_alisertib_CVCL_0023' in /home/cirro/Chem-PerturBridge_analysis/data/theislab_temp/sciplex/group_rep/CVCL_0023_de.h5ad. Tried ['plate33_plate3_E9_alisertib_CVCL_0023', '24771867|0.1|24|CVCL_0023']. Available lookup keys: 2,742"""
29	retrieval	l1000_phase2	sciplex	CVCL_0023	24			plate33_plate3_F2_rucaparib_CVCL_0023			pool_resolution	right_pool_unresolved_source_row	"""Could not resolve obs_id='plate33_plate3_F2_rucaparib_CVCL_0023' in /home/cirro/Chem-PerturBridge_analysis/data/theislab_temp/sciplex/group_rep/CVCL_0023_de.h5ad. Tried ['plate33_plate3_F2_rucaparib_CVCL_0023', '9931954|1|24|CVCL_0023']. Available lookup keys: 2,742"""
29	retrieval	l1000_phase2	sciplex	CVCL_0023	24			plate33_plate3_G2_MLN8054_CVCL_0023			pool_resolution	right_pool_unresolved_source_row	"""Could not resolve obs_id='plate33_plate3_G2_MLN8054_CVCL_0023' in /home/cirro/Chem-PerturBridge_analysis/data/theislab_temp/sciplex/group_rep/CVCL_0023_de.h5ad. Tried ['plate33_plate3_G2_MLN8054_CVCL_0023', '11712649|1|24|CVCL_0023']. Available lookup keys: 2,742"""
29	retrieval	l1000_phase2	sciplex	CVCL_0023	24			plate34_plate4_A9_Danusertib_CVCL_0023			pool_resolution	right_pool_unresolved_source_row	"""Could not resolve obs_id='plate34_plate4_A9_Danusertib_CVCL_0023' in /home/cirro/Chem-PerturBridge_analysis/data/theislab_temp/sciplex/group_rep/CVCL_0023_de.h5ad. Tried ['plate34_plate4_A9_Danusertib_CVCL_0023', '11442891|10|24|CVCL_0023']. Available lookup keys: 2,742"""
29	retrieval	l1000_phase2	sciplex	CVCL_0023	24			plate36_plate6_B7_KW-2449_CVCL_0023			pool_resolution	right_pool_unresolved_source_row	"""Could not resolve obs_id='plate36_plate6_B7_KW-2449_CVCL_0023' in /home/cirro/Chem-PerturBridge_analysis/data/theislab_temp/sciplex/group_rep/CVCL_0023_de.h5ad. Tried ['plate36_plate6_B7_KW-2449_CVCL_0023', '11427553|10|24|CVCL_0023']. Available lookup keys: 2,742"""
29	retrieval	l1000_phase2	sciplex	CVCL_0023	24			plate40_plate10_C8_rigosertib_CVCL_0023			pool_resolution	right_pool_unresolved_source_row	"""Could not resolve obs_id='plate40_plate10_C8_rigosertib_CVCL_0023' in /home/cirro/Chem-PerturBridge_analysis/data/theislab_temp/sciplex/group_rep/CVCL_0023_de.h5ad. Tried ['plate40_plate10_C8_rigosertib_CVCL_0023', '6918736|10|24|CVCL_0023']. Available lookup keys: 2,742"""
29	retrieval	l1000_phase2	sciplex	CVCL_0023	24			plate9_plate3_A3_Danusertib_CVCL_0023			pool_resolution	right_pool_unresolved_source_row	"""Could not resolve obs_id='plate9_plate3_A3_Danusertib_CVCL_0023' in /home/cirro/Chem-PerturBridge_analysis/data/theislab_temp/sciplex/group_rep/CVCL_0023_de.h5ad. Tried ['plate9_plate3_A3_Danusertib_CVCL_0023', '11442891|10|24|CVCL_0023']. Available lookup keys: 2,742"""
29	retrieval	l1000_phase2	sciplex	CVCL_0023	24			plate9_plate3_F8_MLN8054_CVCL_0023			pool_resolution	right_pool_unresolved_source_row	"""Could not resolve obs_id='plate9_plate3_F8_MLN8054_CVCL_0023' in /home/cirro/Chem-PerturBridge_analysis/data/theislab_temp/sciplex/group_rep/CVCL_0023_de.h5ad. Tried ['plate9_plate3_F8_MLN8054_CVCL_0023', '11712649|1|24|CVCL_0023']. Available lookup keys: 2,742"""
29	retrieval	l1000_phase2	sciplex	CVCL_0023	24			plate9_plate3_G8_rucaparib_CVCL_0023			pool_resolution	right_pool_unresolved_source_row	"""Could not resolve obs_id='plate9_plate3_G8_rucaparib_CVCL_0023' in /home/cirro/Chem-PerturBridge_analysis/data/theislab_temp/sciplex/group_rep/CVCL_0023_de.h5ad. Tried ['plate9_plate3_G8_rucaparib_CVCL_0023', '9931954|1|24|CVCL_0023']. Available lookup keys: 2,742"""
30	retrieval	tahoe	sciplex	CVCL_0023	24			plate10_plate4_E3_alisertib_CVCL_0023			pool_resolution	right_pool_unresolved_source_row	"""Could not resolve obs_id='plate10_plate4_E3_alisertib_CVCL_0023' in /home/cirro/Chem-PerturBridge_analysis/data/theislab_temp/sciplex/group_rep/CVCL_0023_de.h5ad. Tried ['plate10_plate4_E3_alisertib_CVCL_0023', '24771867|0.1|24|CVCL_0023']. Available lookup keys: 2,742"""
30	retrieval	tahoe	sciplex	CVCL_0023	24			plate11_plate5_B1_KW-2449_CVCL_0023			pool_resolution	right_pool_unresolved_source_row	"""Could not resolve obs_id='plate11_plate5_B1_KW-2449_CVCL_0023' in /home/cirro/Chem-PerturBridge_analysis/data/theislab_temp/sciplex/group_rep/CVCL_0023_de.h5ad. Tried ['plate11_plate5_B1_KW-2449_CVCL_0023', '11427553|10|24|CVCL_0023']. Available lookup keys: 2,742"""
30	retrieval	tahoe	sciplex	CVCL_0023	24			plate15_plate9_C2_rigosertib_CVCL_0023			pool_resolution	right_pool_unresolved_source_row	"""Could not resolve obs_id='plate15_plate9_C2_rigosertib_CVCL_0023' in /home/cirro/Chem-PerturBridge_analysis/data/theislab_temp/sciplex/group_rep/CVCL_0023_de.h5ad. Tried ['plate15_plate9_C2_rigosertib_CVCL_0023', '6918736|10|24|CVCL_0023']. Available lookup keys: 2,742"""
30	retrieval	tahoe	sciplex	CVCL_0023	24			plate33_plate3_E9_alisertib_CVCL_0023			pool_resolution	right_pool_unresolved_source_row	"""Could not resolve obs_id='plate33_plate3_E9_alisertib_CVCL_0023' in /home/cirro/Chem-PerturBridge_analysis/data/theislab_temp/sciplex/group_rep/CVCL_0023_de.h5ad. Tried ['plate33_plate3_E9_alisertib_CVCL_0023', '24771867|0.1|24|CVCL_0023']. Available lookup keys: 2,742"""
30	retrieval	tahoe	sciplex	CVCL_0023	24			plate33_plate3_F2_rucaparib_CVCL_0023			pool_resolution	right_pool_unresolved_source_row	"""Could not resolve obs_id='plate33_plate3_F2_rucaparib_CVCL_0023' in /home/cirro/Chem-PerturBridge_analysis/data/theislab_temp/sciplex/group_rep/CVCL_0023_de.h5ad. Tried ['plate33_plate3_F2_rucaparib_CVCL_0023', '9931954|1|24|CVCL_0023']. Available lookup keys: 2,742"""
30	retrieval	tahoe	sciplex	CVCL_0023	24			plate33_plate3_G2_MLN8054_CVCL_0023			pool_resolution	right_pool_unresolved_source_row	"""Could not resolve obs_id='plate33_plate3_G2_MLN8054_CVCL_0023' in /home/cirro/Chem-PerturBridge_analysis/data/theislab_temp/sciplex/group_rep/CVCL_0023_de.h5ad. Tried ['plate33_plate3_G2_MLN8054_CVCL_0023', '11712649|1|24|CVCL_0023']. Available lookup keys: 2,742"""
30	retrieval	tahoe	sciplex	CVCL_0023	24			plate34_plate4_A9_Danusertib_CVCL_0023			pool_resolution	right_pool_unresolved_source_row	"""Could not resolve obs_id='plate34_plate4_A9_Danusertib_CVCL_0023' in /home/cirro/Chem-PerturBridge_analysis/data/theislab_temp/sciplex/group_rep/CVCL_0023_de.h5ad. Tried ['plate34_plate4_A9_Danusertib_CVCL_0023', '11442891|10|24|CVCL_0023']. Available lookup keys: 2,742"""
30	retrieval	tahoe	sciplex	CVCL_0023	24			plate36_plate6_B7_KW-2449_CVCL_0023			pool_resolution	right_pool_unresolved_source_row	"""Could not resolve obs_id='plate36_plate6_B7_KW-2449_CVCL_0023' in /home/cirro/Chem-PerturBridge_analysis/data/theislab_temp/sciplex/group_rep/CVCL_0023_de.h5ad. Tried ['plate36_plate6_B7_KW-2449_CVCL_0023', '11427553|10|24|CVCL_0023']. Available lookup keys: 2,742"""
30	retrieval	tahoe	sciplex	CVCL_0023	24			plate40_plate10_C8_rigosertib_CVCL_0023			pool_resolution	right_pool_unresolved_source_row	"""Could not resolve obs_id='plate40_plate10_C8_rigosertib_CVCL_0023' in /home/cirro/Chem-PerturBridge_analysis/data/theislab_temp/sciplex/group_rep/CVCL_0023_de.h5ad. Tried ['plate40_plate10_C8_rigosertib_CVCL_0023', '6918736|10|24|CVCL_0023']. Available lookup keys: 2,742"""
30	retrieval	tahoe	sciplex	CVCL_0023	24			plate9_plate3_A3_Danusertib_CVCL_0023			pool_resolution	right_pool_unresolved_source_row	"""Could not resolve obs_id='plate9_plate3_A3_Danusertib_CVCL_0023' in /home/cirro/Chem-PerturBridge_analysis/data/theislab_temp/sciplex/group_rep/CVCL_0023_de.h5ad. Tried ['plate9_plate3_A3_Danusertib_CVCL_0023', '11442891|10|24|CVCL_0023']. Available lookup keys: 2,742"""
30	retrieval	tahoe	sciplex	CVCL_0023	24			plate9_plate3_F8_MLN8054_CVCL_0023			pool_resolution	right_pool_unresolved_source_row	"""Could not resolve obs_id='plate9_plate3_F8_MLN8054_CVCL_0023' in /home/cirro/Chem-PerturBridge_analysis/data/theislab_temp/sciplex/group_rep/CVCL_0023_de.h5ad. Tried ['plate9_plate3_F8_MLN8054_CVCL_0023', '11712649|1|24|CVCL_0023']. Available lookup keys: 2,742"""
30	retrieval	tahoe	sciplex	CVCL_0023	24			plate9_plate3_G8_rucaparib_CVCL_0023			pool_resolution	right_pool_unresolved_source_row	"""Could not resolve obs_id='plate9_plate3_G8_rucaparib_CVCL_0023' in /home/cirro/Chem-PerturBridge_analysis/data/theislab_temp/sciplex/group_rep/CVCL_0023_de.h5ad. Tried ['plate9_plate3_G8_rucaparib_CVCL_0023', '9931954|1|24|CVCL_0023']. Available lookup keys: 2,742"""
32	retrieval	cigs_mce	cigs_tcm	CVCL_0063	24			tcm_hek293t_10.sample2_1020.Plate7_(+)-Sesamin_CVCL_0063			pool_resolution	right_pool_unresolved_source_row	"""Could not resolve obs_id='tcm_hek293t_10.sample2_1020.Plate7_(+)-Sesamin_CVCL_0063' in /home/cirro/Chem-PerturBridge_analysis/data/theislab_temp/cigs_tcm/group_rep_extracted/deg_data/group_rep/full/qc_false/filter_min_cells_0/results/CVCL_0063_de.h5ad. Tried ['tcm_hek293t_10.sample2_1020.Plate7_(+)-Sesamin_CVCL_0063', '72307|10|24|CVCL_0063']. Available lookup keys: 8,015"""
32	retrieval	cigs_mce	cigs_tcm	CVCL_0063	24			tcm_hek293t_10.sample2_796.Plate7_(+)-Sesamin_CVCL_0063			pool_resolution	right_pool_unresolved_source_row	"""Could not resolve obs_id='tcm_hek293t_10.sample2_796.Plate7_(+)-Sesamin_CVCL_0063' in /home/cirro/Chem-PerturBridge_analysis/data/theislab_temp/cigs_tcm/group_rep_extracted/deg_data/group_rep/full/qc_false/filter_min_cells_0/results/CVCL_0063_de.h5ad. Tried ['tcm_hek293t_10.sample2_796.Plate7_(+)-Sesamin_CVCL_0063', '72307|10|24|CVCL_0063']. Available lookup keys: 8,015"""
32	retrieval	cigs_mce	cigs_tcm	CVCL_0063	24			tcm_hek293t_10.sample2_908.Plate7_(+)-Sesamin_CVCL_0063			pool_resolution	right_pool_unresolved_source_row	"""Could not resolve obs_id='tcm_hek293t_10.sample2_908.Plate7_(+)-Sesamin_CVCL_0063' in /home/cirro/Chem-PerturBridge_analysis/data/theislab_temp/cigs_tcm/group_rep_extracted/deg_data/group_rep/full/qc_false/filter_min_cells_0/results/CVCL_0063_de.h5ad. Tried ['tcm_hek293t_10.sample2_908.Plate7_(+)-Sesamin_CVCL_0063', '72307|10|24|CVCL_0063']. Available lookup keys: 8,015"""
