dataset_a	dataset_b	summary_level	metric	value_col	mean	ci_low	ci_high	ci_half_width	ci_method	ci_status	ci_level	n_bootstrap_iterations	n_bootstrap_valid	n_rows	n_finite_rows	n_compounds	cluster_col	inner_strata	outer_strata	uncertainty_scope
l1000_phase1	l1000_phase2	w4_deg_dataset_pair	w4_observed_deg_lfc_spearman_sym_p05	mean_w4_observed_deg_lfc_spearman_sym_p05	0.330808028072045	0.293264162371539	0.3704520213803327	0.03859392950439683	bca	ok	0.95	2000	2000	1060	985	242	pubchem_cid			95% BCa bootstrap CI clustered by PubChem compound; uncertainty is over the observed compound panel, not broader chemical space.
l1000_phase1	l1000_phase2	w4_deg_dataset_pair	w4_source_centroid_deg_lfc_spearman_pair_p05	mean_w4_source_centroid_deg_lfc_spearman_pair_p05	0.23770887628084691	0.2112329109409416	0.25986087981756656	0.02431398443831248	bca	ok	0.95	2000	2000	1060	1049	254	pubchem_cid			95% BCa bootstrap CI clustered by PubChem compound; uncertainty is over the observed compound panel, not broader chemical space.
l1000_phase1	l1000_phase2	w4_deg_dataset_pair	w4_delta_vs_source_centroid_deg_lfc_spearman_p05	mean_w4_delta_vs_source_centroid_deg_lfc_spearman_p05	0.07089479527973142	0.03255752318695464	0.10315770408630759	0.035300090449676476	bca	ok	0.95	2000	2000	1060	985	242	pubchem_cid			95% BCa bootstrap CI clustered by PubChem compound; uncertainty is over the observed compound panel, not broader chemical space.
l1000_phase1	l1000_phase2	w4_deg_dataset_pair	w4_target_centroid_deg_lfc_spearman_pair_p05	mean_w4_target_centroid_deg_lfc_spearman_pair_p05	0.15787741836152863	0.13674991231934028	0.17704578380419247	0.0201479357424261	bca	ok	0.95	2000	2000	1060	1052	255	pubchem_cid			95% BCa bootstrap CI clustered by PubChem compound; uncertainty is over the observed compound panel, not broader chemical space.
l1000_phase1	l1000_phase2	w4_deg_dataset_pair	w4_delta_vs_target_centroid_deg_lfc_spearman_p05	mean_w4_delta_vs_target_centroid_deg_lfc_spearman_p05	0.14938011975703516	0.11478844144417674	0.18270028994471663	0.03395592425026994	bca	ok	0.95	2000	2000	1060	985	242	pubchem_cid			95% BCa bootstrap CI clustered by PubChem compound; uncertainty is over the observed compound panel, not broader chemical space.
l1000_phase1	l1000_phase2	w4_deg_dataset_pair	w4_source_peer_deg_lfc_spearman_pair_p05	mean_w4_source_peer_deg_lfc_spearman_pair_p05	-0.0023412173254966735	-0.008535203162639985	0.003357203854193448	0.0059462035084167164	bca	ok	0.95	2000	2000	1060	1049	254	pubchem_cid			95% BCa bootstrap CI clustered by PubChem compound; uncertainty is over the observed compound panel, not broader chemical space.
l1000_phase1	l1000_phase2	w4_deg_dataset_pair	w4_delta_vs_source_peer_deg_lfc_spearman_p05	mean_w4_delta_vs_source_peer_deg_lfc_spearman_p05	0.3286416560470464	0.29189568527936405	0.36334824077478733	0.03572627774771164	bca	ok	0.95	2000	2000	1060	985	242	pubchem_cid			95% BCa bootstrap CI clustered by PubChem compound; uncertainty is over the observed compound panel, not broader chemical space.
l1000_phase1	l1000_phase2	w4_deg_dataset_pair	w4_source_peer_deg_lfc_spearman_pair_p05_sd_score	mean_w4_source_peer_deg_lfc_spearman_pair_p05_sd_score	0.35379802243815334	0.34194323202560045	0.36653806280509044	0.012297415389744992	bca	ok	0.95	2000	2000	1060	1049	254	pubchem_cid			95% BCa bootstrap CI clustered by PubChem compound; uncertainty is over the observed compound panel, not broader chemical space.
l1000_phase1	l1000_phase2	w4_deg_dataset_pair	w4_source_peer_deg_lfc_spearman_pair_p05_fraction_below_observed	mean_w4_source_peer_deg_lfc_spearman_pair_p05_fraction_below_observed	0.7236713743334177	0.6959531635620787	0.7491600771080237	0.02660345677297249	bca	ok	0.95	2000	2000	1060	1049	254	pubchem_cid			95% BCa bootstrap CI clustered by PubChem compound; uncertainty is over the observed compound panel, not broader chemical space.
l1000_phase1	l1000_phase2	w4_deg_dataset_pair	w4_source_peer_deg_lfc_spearman_pair_p05_corrected_percentile	mean_w4_source_peer_deg_lfc_spearman_pair_p05_corrected_percentile	0.7262277575588745	0.7016758648538246	0.7524890459452458	0.025406590545710594	bca	ok	0.95	2000	2000	1060	1049	254	pubchem_cid			95% BCa bootstrap CI clustered by PubChem compound; uncertainty is over the observed compound panel, not broader chemical space.
l1000_phase1	l1000_phase2	w4_deg_dataset_pair	w4_target_peer_deg_lfc_spearman_pair_p05	mean_w4_target_peer_deg_lfc_spearman_pair_p05	-0.02157676023382111	-0.025834358952542134	-0.017186817493006566	0.004323770729767784	bca	ok	0.95	2000	2000	1060	1052	255	pubchem_cid			95% BCa bootstrap CI clustered by PubChem compound; uncertainty is over the observed compound panel, not broader chemical space.
l1000_phase1	l1000_phase2	w4_deg_dataset_pair	w4_delta_vs_target_peer_deg_lfc_spearman_p05	mean_w4_delta_vs_target_peer_deg_lfc_spearman_p05	0.3463306967456915	0.30861074148985446	0.3837869071659915	0.037588082838068526	bca	ok	0.95	2000	2000	1060	985	242	pubchem_cid			95% BCa bootstrap CI clustered by PubChem compound; uncertainty is over the observed compound panel, not broader chemical space.
l1000_phase1	l1000_phase2	w4_deg_dataset_pair	w4_target_peer_deg_lfc_spearman_pair_p05_sd_score	mean_w4_target_peer_deg_lfc_spearman_pair_p05_sd_score	0.3340670174365675	0.32235284471215236	0.34703484789999184	0.012341001593919737	bca	ok	0.95	2000	2000	1060	1051	255	pubchem_cid			95% BCa bootstrap CI clustered by PubChem compound; uncertainty is over the observed compound panel, not broader chemical space.
l1000_phase1	l1000_phase2	w4_deg_dataset_pair	w4_target_peer_deg_lfc_spearman_pair_p05_fraction_below_observed	mean_w4_target_peer_deg_lfc_spearman_pair_p05_fraction_below_observed	0.7450635940487841	0.7198491963080715	0.7712344954618651	0.025692649576896764	bca	ok	0.95	2000	2000	1060	1052	255	pubchem_cid			95% BCa bootstrap CI clustered by PubChem compound; uncertainty is over the observed compound panel, not broader chemical space.
l1000_phase1	l1000_phase2	w4_deg_dataset_pair	w4_target_peer_deg_lfc_spearman_pair_p05_corrected_percentile	mean_w4_target_peer_deg_lfc_spearman_pair_p05_corrected_percentile	0.747333310934423	0.7225371749975755	0.773687266360822	0.02557504568162322	bca	ok	0.95	2000	2000	1060	1052	255	pubchem_cid			95% BCa bootstrap CI clustered by PubChem compound; uncertainty is over the observed compound panel, not broader chemical space.
l1000_phase1	sciplex	w4_deg_dataset_pair	w4_observed_deg_lfc_spearman_sym_p05	mean_w4_observed_deg_lfc_spearman_sym_p05	0.3056155073855688	0.23422223654315383	0.37403831280255495	0.06990803812970056	bca	ok	0.95	2000	2000	162	71	51	pubchem_cid			95% BCa bootstrap CI clustered by PubChem compound; uncertainty is over the observed compound panel, not broader chemical space.
l1000_phase1	sciplex	w4_deg_dataset_pair	w4_source_centroid_deg_lfc_spearman_pair_p05	mean_w4_source_centroid_deg_lfc_spearman_pair_p05	0.296892008391165	0.2388857026566926	0.3443463935636972	0.05273034545350229	bca	ok	0.95	2000	2000	162	147	87	pubchem_cid			95% BCa bootstrap CI clustered by PubChem compound; uncertainty is over the observed compound panel, not broader chemical space.
l1000_phase1	sciplex	w4_deg_dataset_pair	w4_delta_vs_source_centroid_deg_lfc_spearman_p05	mean_w4_delta_vs_source_centroid_deg_lfc_spearman_p05	-0.05797636731926286	-0.14057196302388036	0.014302472419465273	0.07743721772167282	bca	ok	0.95	2000	2000	162	71	51	pubchem_cid			95% BCa bootstrap CI clustered by PubChem compound; uncertainty is over the observed compound panel, not broader chemical space.
l1000_phase1	sciplex	w4_deg_dataset_pair	w4_target_centroid_deg_lfc_spearman_pair_p05	mean_w4_target_centroid_deg_lfc_spearman_pair_p05	0.16188938023971727	0.11334752859436566	0.2053266527013983	0.04598956205351632	bca	ok	0.95	2000	2000	162	147	87	pubchem_cid			95% BCa bootstrap CI clustered by PubChem compound; uncertainty is over the observed compound panel, not broader chemical space.
l1000_phase1	sciplex	w4_deg_dataset_pair	w4_delta_vs_target_centroid_deg_lfc_spearman_p05	mean_w4_delta_vs_target_centroid_deg_lfc_spearman_p05	0.09288155012329175	0.01075719879219826	0.17101256951927923	0.0801276853635405	bca	ok	0.95	2000	2000	162	71	51	pubchem_cid			95% BCa bootstrap CI clustered by PubChem compound; uncertainty is over the observed compound panel, not broader chemical space.
l1000_phase1	sciplex	w4_deg_dataset_pair	w4_source_peer_deg_lfc_spearman_pair_p05	mean_w4_source_peer_deg_lfc_spearman_pair_p05	-0.0014707317706965858	-0.011281792316782386	0.007296810830809982	0.009289301573796184	bca	ok	0.95	2000	2000	162	147	87	pubchem_cid			95% BCa bootstrap CI clustered by PubChem compound; uncertainty is over the observed compound panel, not broader chemical space.
l1000_phase1	sciplex	w4_deg_dataset_pair	w4_delta_vs_source_peer_deg_lfc_spearman_p05	mean_w4_delta_vs_source_peer_deg_lfc_spearman_p05	0.2980766411965257	0.2285329688933039	0.3675598227164613	0.0695134269115787	bca	ok	0.95	2000	2000	162	71	51	pubchem_cid			95% BCa bootstrap CI clustered by PubChem compound; uncertainty is over the observed compound panel, not broader chemical space.
l1000_phase1	sciplex	w4_deg_dataset_pair	w4_source_peer_deg_lfc_spearman_pair_p05_sd_score	mean_w4_source_peer_deg_lfc_spearman_pair_p05_sd_score	0.3632113392497873	0.33859223829030055	0.39106921507447806	0.026238488392088755	bca	ok	0.95	2000	2000	162	147	87	pubchem_cid			95% BCa bootstrap CI clustered by PubChem compound; uncertainty is over the observed compound panel, not broader chemical space.
l1000_phase1	sciplex	w4_deg_dataset_pair	w4_source_peer_deg_lfc_spearman_pair_p05_fraction_below_observed	mean_w4_source_peer_deg_lfc_spearman_pair_p05_fraction_below_observed	0.6394749950631343	0.5946532434475397	0.6825670097836642	0.04395688316806229	bca	ok	0.95	2000	2000	162	147	87	pubchem_cid			95% BCa bootstrap CI clustered by PubChem compound; uncertainty is over the observed compound panel, not broader chemical space.
l1000_phase1	sciplex	w4_deg_dataset_pair	w4_source_peer_deg_lfc_spearman_pair_p05_corrected_percentile	mean_w4_source_peer_deg_lfc_spearman_pair_p05_corrected_percentile	0.6419274210581118	0.5948724350719592	0.6857362378830201	0.04543190140553044	bca	ok	0.95	2000	2000	162	147	87	pubchem_cid			95% BCa bootstrap CI clustered by PubChem compound; uncertainty is over the observed compound panel, not broader chemical space.
l1000_phase1	sciplex	w4_deg_dataset_pair	w4_target_peer_deg_lfc_spearman_pair_p05	mean_w4_target_peer_deg_lfc_spearman_pair_p05	0.010155712130215542	0.004907838631258662	0.015655486972323322	0.005373824170532331	bca	ok	0.95	2000	2000	162	147	87	pubchem_cid			95% BCa bootstrap CI clustered by PubChem compound; uncertainty is over the observed compound panel, not broader chemical space.
l1000_phase1	sciplex	w4_deg_dataset_pair	w4_delta_vs_target_peer_deg_lfc_spearman_p05	mean_w4_delta_vs_target_peer_deg_lfc_spearman_p05	0.29732973513108885	0.2212707929172088	0.367832088508528	0.0732806477956596	bca	ok	0.95	2000	2000	162	71	51	pubchem_cid			95% BCa bootstrap CI clustered by PubChem compound; uncertainty is over the observed compound panel, not broader chemical space.
l1000_phase1	sciplex	w4_deg_dataset_pair	w4_target_peer_deg_lfc_spearman_pair_p05_sd_score	mean_w4_target_peer_deg_lfc_spearman_pair_p05_sd_score	0.3056722976732897	0.2761771982966335	0.3401209398945174	0.031971870798941954	bca	ok	0.95	2000	2000	162	147	87	pubchem_cid			95% BCa bootstrap CI clustered by PubChem compound; uncertainty is over the observed compound panel, not broader chemical space.
l1000_phase1	sciplex	w4_deg_dataset_pair	w4_target_peer_deg_lfc_spearman_pair_p05_fraction_below_observed	mean_w4_target_peer_deg_lfc_spearman_pair_p05_fraction_below_observed	0.6500830193247338	0.5932458711742616	0.6991517813664084	0.052952955096073395	bca	ok	0.95	2000	2000	162	147	87	pubchem_cid			95% BCa bootstrap CI clustered by PubChem compound; uncertainty is over the observed compound panel, not broader chemical space.
l1000_phase1	sciplex	w4_deg_dataset_pair	w4_target_peer_deg_lfc_spearman_pair_p05_corrected_percentile	mean_w4_target_peer_deg_lfc_spearman_pair_p05_corrected_percentile	0.6519741534817511	0.5956025700558073	0.700975898557299	0.05268666425074586	bca	ok	0.95	2000	2000	162	147	87	pubchem_cid			95% BCa bootstrap CI clustered by PubChem compound; uncertainty is over the observed compound panel, not broader chemical space.
l1000_phase1	tahoe	w4_deg_dataset_pair	w4_observed_deg_lfc_spearman_sym_p05	mean_w4_observed_deg_lfc_spearman_sym_p05	0.11789339289631409	0.011313709967937232	0.21551884077391148	0.10210256540298712	bca	ok	0.95	2000	2000	114	50	40	pubchem_cid			95% BCa bootstrap CI clustered by PubChem compound; uncertainty is over the observed compound panel, not broader chemical space.
l1000_phase1	tahoe	w4_deg_dataset_pair	w4_source_centroid_deg_lfc_spearman_pair_p05	mean_w4_source_centroid_deg_lfc_spearman_pair_p05	0.2322808455629844	0.1535496322101975	0.3014201473679147	0.07393525757885862	bca	ok	0.95	2000	2000	114	105	80	pubchem_cid			95% BCa bootstrap CI clustered by PubChem compound; uncertainty is over the observed compound panel, not broader chemical space.
l1000_phase1	tahoe	w4_deg_dataset_pair	w4_delta_vs_source_centroid_deg_lfc_spearman_p05	mean_w4_delta_vs_source_centroid_deg_lfc_spearman_p05	-0.14531420489229238	-0.2995036580620054	-0.0189287636495016	0.14028744720625191	bca	ok	0.95	2000	2000	114	50	40	pubchem_cid			95% BCa bootstrap CI clustered by PubChem compound; uncertainty is over the observed compound panel, not broader chemical space.
l1000_phase1	tahoe	w4_deg_dataset_pair	w4_target_centroid_deg_lfc_spearman_pair_p05	mean_w4_target_centroid_deg_lfc_spearman_pair_p05	0.034185982371137874	-0.043740778039341247	0.11556558300446418	0.0796531805219027	bca	ok	0.95	2000	2000	114	106	80	pubchem_cid			95% BCa bootstrap CI clustered by PubChem compound; uncertainty is over the observed compound panel, not broader chemical space.
l1000_phase1	tahoe	w4_deg_dataset_pair	w4_delta_vs_target_centroid_deg_lfc_spearman_p05	mean_w4_delta_vs_target_centroid_deg_lfc_spearman_p05	0.09680482464126965	-0.038268619009187606	0.20940512916365372	0.12383687408642066	bca	ok	0.95	2000	2000	114	50	40	pubchem_cid			95% BCa bootstrap CI clustered by PubChem compound; uncertainty is over the observed compound panel, not broader chemical space.
l1000_phase1	tahoe	w4_deg_dataset_pair	w4_source_peer_deg_lfc_spearman_pair_p05	mean_w4_source_peer_deg_lfc_spearman_pair_p05	-0.004914722256014924	-0.017117619830870037	0.005710977659962493	0.011414298745416265	bca	ok	0.95	2000	2000	114	105	80	pubchem_cid			95% BCa bootstrap CI clustered by PubChem compound; uncertainty is over the observed compound panel, not broader chemical space.
l1000_phase1	tahoe	w4_deg_dataset_pair	w4_delta_vs_source_peer_deg_lfc_spearman_p05	mean_w4_delta_vs_source_peer_deg_lfc_spearman_p05	0.11987625996310636	0.002230115006123642	0.22115404241576347	0.10946196370481992	bca	ok	0.95	2000	2000	114	50	40	pubchem_cid			95% BCa bootstrap CI clustered by PubChem compound; uncertainty is over the observed compound panel, not broader chemical space.
l1000_phase1	tahoe	w4_deg_dataset_pair	w4_source_peer_deg_lfc_spearman_pair_p05_sd_score	mean_w4_source_peer_deg_lfc_spearman_pair_p05_sd_score	0.40241308218537103	0.36668045569035035	0.43872327521202953	0.03602140976083959	bca	ok	0.95	2000	2000	114	105	80	pubchem_cid			95% BCa bootstrap CI clustered by PubChem compound; uncertainty is over the observed compound panel, not broader chemical space.
l1000_phase1	tahoe	w4_deg_dataset_pair	w4_source_peer_deg_lfc_spearman_pair_p05_fraction_below_observed	mean_w4_source_peer_deg_lfc_spearman_pair_p05_fraction_below_observed	0.6086579445904197	0.5506489239993428	0.6696018668231103	0.059476471411883725	bca	ok	0.95	2000	2000	114	105	80	pubchem_cid			95% BCa bootstrap CI clustered by PubChem compound; uncertainty is over the observed compound panel, not broader chemical space.
l1000_phase1	tahoe	w4_deg_dataset_pair	w4_source_peer_deg_lfc_spearman_pair_p05_corrected_percentile	mean_w4_source_peer_deg_lfc_spearman_pair_p05_corrected_percentile	0.6106889175925849	0.5490387608294527	0.6696133348110651	0.06028728699080621	bca	ok	0.95	2000	2000	114	105	80	pubchem_cid			95% BCa bootstrap CI clustered by PubChem compound; uncertainty is over the observed compound panel, not broader chemical space.
l1000_phase1	tahoe	w4_deg_dataset_pair	w4_target_peer_deg_lfc_spearman_pair_p05	mean_w4_target_peer_deg_lfc_spearman_pair_p05	0.006691295747794502	-0.0034816301720697377	0.01579560044532496	0.009638615308697349	bca	ok	0.95	2000	2000	114	106	80	pubchem_cid			95% BCa bootstrap CI clustered by PubChem compound; uncertainty is over the observed compound panel, not broader chemical space.
l1000_phase1	tahoe	w4_deg_dataset_pair	w4_delta_vs_target_peer_deg_lfc_spearman_p05	mean_w4_delta_vs_target_peer_deg_lfc_spearman_p05	0.11305016200330119	-0.0003853158207979382	0.2172246448164986	0.10880498031864827	bca	ok	0.95	2000	2000	114	50	40	pubchem_cid			95% BCa bootstrap CI clustered by PubChem compound; uncertainty is over the observed compound panel, not broader chemical space.
l1000_phase1	tahoe	w4_deg_dataset_pair	w4_target_peer_deg_lfc_spearman_pair_p05_sd_score	mean_w4_target_peer_deg_lfc_spearman_pair_p05_sd_score	0.3492272698610928	0.30803363953922985	0.3972329057754573	0.04459963311811371	bca	ok	0.95	2000	2000	114	106	80	pubchem_cid			95% BCa bootstrap CI clustered by PubChem compound; uncertainty is over the observed compound panel, not broader chemical space.
l1000_phase1	tahoe	w4_deg_dataset_pair	w4_target_peer_deg_lfc_spearman_pair_p05_fraction_below_observed	mean_w4_target_peer_deg_lfc_spearman_pair_p05_fraction_below_observed	0.6041124488138451	0.5379593057242306	0.6689807605004706	0.06551072738812003	bca	ok	0.95	2000	2000	114	106	80	pubchem_cid			95% BCa bootstrap CI clustered by PubChem compound; uncertainty is over the observed compound panel, not broader chemical space.
l1000_phase1	tahoe	w4_deg_dataset_pair	w4_target_peer_deg_lfc_spearman_pair_p05_corrected_percentile	mean_w4_target_peer_deg_lfc_spearman_pair_p05_corrected_percentile	0.6051510295636889	0.5383413941651503	0.6664883867581918	0.06407349629652076	bca	ok	0.95	2000	2000	114	106	80	pubchem_cid			95% BCa bootstrap CI clustered by PubChem compound; uncertainty is over the observed compound panel, not broader chemical space.
l1000_phase2	sciplex	w4_deg_dataset_pair	w4_observed_deg_lfc_spearman_sym_p05	mean_w4_observed_deg_lfc_spearman_sym_p05	0.38928108981489296	0.3039885506424969	0.45312262381974167	0.07456703658862238	bca	ok	0.95	2000	2000	127	65	51	pubchem_cid			95% BCa bootstrap CI clustered by PubChem compound; uncertainty is over the observed compound panel, not broader chemical space.
l1000_phase2	sciplex	w4_deg_dataset_pair	w4_source_centroid_deg_lfc_spearman_pair_p05	mean_w4_source_centroid_deg_lfc_spearman_pair_p05	0.0724873561049415	0.003543694435709267	0.13155013180289168	0.06400321868359121	bca	ok	0.95	2000	2000	127	123	81	pubchem_cid			95% BCa bootstrap CI clustered by PubChem compound; uncertainty is over the observed compound panel, not broader chemical space.
l1000_phase2	sciplex	w4_deg_dataset_pair	w4_delta_vs_source_centroid_deg_lfc_spearman_p05	mean_w4_delta_vs_source_centroid_deg_lfc_spearman_p05	0.08637526401467069	-0.025822550608790563	0.18764784268670684	0.1067351966477487	bca	ok	0.95	2000	2000	127	65	51	pubchem_cid			95% BCa bootstrap CI clustered by PubChem compound; uncertainty is over the observed compound panel, not broader chemical space.
l1000_phase2	sciplex	w4_deg_dataset_pair	w4_target_centroid_deg_lfc_spearman_pair_p05	mean_w4_target_centroid_deg_lfc_spearman_pair_p05	0.054104087080314646	-0.0061924660850297165	0.11001001054424804	0.05810123831463888	bca	ok	0.95	2000	2000	127	123	81	pubchem_cid			95% BCa bootstrap CI clustered by PubChem compound; uncertainty is over the observed compound panel, not broader chemical space.
l1000_phase2	sciplex	w4_deg_dataset_pair	w4_delta_vs_target_centroid_deg_lfc_spearman_p05	mean_w4_delta_vs_target_centroid_deg_lfc_spearman_p05	0.18202760580215568	0.08187324754782882	0.27135989299145236	0.09474332272181177	bca	ok	0.95	2000	2000	127	65	51	pubchem_cid			95% BCa bootstrap CI clustered by PubChem compound; uncertainty is over the observed compound panel, not broader chemical space.
l1000_phase2	sciplex	w4_deg_dataset_pair	w4_source_peer_deg_lfc_spearman_pair_p05	mean_w4_source_peer_deg_lfc_spearman_pair_p05	-0.04076475458208863	-0.05261249655828661	-0.030327557345866025	0.011142469606210294	bca	ok	0.95	2000	2000	127	123	81	pubchem_cid			95% BCa bootstrap CI clustered by PubChem compound; uncertainty is over the observed compound panel, not broader chemical space.
l1000_phase2	sciplex	w4_deg_dataset_pair	w4_delta_vs_source_peer_deg_lfc_spearman_p05	mean_w4_delta_vs_source_peer_deg_lfc_spearman_p05	0.39811703323801617	0.31327982804704757	0.4663040950116008	0.07651213348227662	bca	ok	0.95	2000	2000	127	65	51	pubchem_cid			95% BCa bootstrap CI clustered by PubChem compound; uncertainty is over the observed compound panel, not broader chemical space.
l1000_phase2	sciplex	w4_deg_dataset_pair	w4_source_peer_deg_lfc_spearman_pair_p05_sd_score	mean_w4_source_peer_deg_lfc_spearman_pair_p05_sd_score	0.42254679284604313	0.3891880610139926	0.46238946719005264	0.03660070308803001	bca	ok	0.95	2000	2000	127	123	81	pubchem_cid			95% BCa bootstrap CI clustered by PubChem compound; uncertainty is over the observed compound panel, not broader chemical space.
l1000_phase2	sciplex	w4_deg_dataset_pair	w4_source_peer_deg_lfc_spearman_pair_p05_fraction_below_observed	mean_w4_source_peer_deg_lfc_spearman_pair_p05_fraction_below_observed	0.6742676211428359	0.6262703222622207	0.7213371114814014	0.047533394609590385	bca	ok	0.95	2000	2000	127	123	81	pubchem_cid			95% BCa bootstrap CI clustered by PubChem compound; uncertainty is over the observed compound panel, not broader chemical space.
l1000_phase2	sciplex	w4_deg_dataset_pair	w4_source_peer_deg_lfc_spearman_pair_p05_corrected_percentile	mean_w4_source_peer_deg_lfc_spearman_pair_p05_corrected_percentile	0.6752471785183427	0.624718840440032	0.716010325962656	0.045645742761312	bca	ok	0.95	2000	2000	127	123	81	pubchem_cid			95% BCa bootstrap CI clustered by PubChem compound; uncertainty is over the observed compound panel, not broader chemical space.
l1000_phase2	sciplex	w4_deg_dataset_pair	w4_target_peer_deg_lfc_spearman_pair_p05	mean_w4_target_peer_deg_lfc_spearman_pair_p05	-0.003621411342620718	-0.01157730794665757	0.0029881409045583057	0.007282724425607938	bca	ok	0.95	2000	2000	127	123	81	pubchem_cid			95% BCa bootstrap CI clustered by PubChem compound; uncertainty is over the observed compound panel, not broader chemical space.
l1000_phase2	sciplex	w4_deg_dataset_pair	w4_delta_vs_target_peer_deg_lfc_spearman_p05	mean_w4_delta_vs_target_peer_deg_lfc_spearman_p05	0.38864302941369594	0.30376346256017706	0.4534698537213762	0.07485319558059958	bca	ok	0.95	2000	2000	127	65	51	pubchem_cid			95% BCa bootstrap CI clustered by PubChem compound; uncertainty is over the observed compound panel, not broader chemical space.
l1000_phase2	sciplex	w4_deg_dataset_pair	w4_target_peer_deg_lfc_spearman_pair_p05_sd_score	mean_w4_target_peer_deg_lfc_spearman_pair_p05_sd_score	0.3727253695879627	0.33447980559962126	0.41776429368342277	0.041642244041900756	bca	ok	0.95	2000	2000	127	123	81	pubchem_cid			95% BCa bootstrap CI clustered by PubChem compound; uncertainty is over the observed compound panel, not broader chemical space.
l1000_phase2	sciplex	w4_deg_dataset_pair	w4_target_peer_deg_lfc_spearman_pair_p05_fraction_below_observed	mean_w4_target_peer_deg_lfc_spearman_pair_p05_fraction_below_observed	0.6726569475936223	0.6223833632212022	0.7217262775555093	0.04967145716715354	bca	ok	0.95	2000	2000	127	123	81	pubchem_cid			95% BCa bootstrap CI clustered by PubChem compound; uncertainty is over the observed compound panel, not broader chemical space.
l1000_phase2	sciplex	w4_deg_dataset_pair	w4_target_peer_deg_lfc_spearman_pair_p05_corrected_percentile	mean_w4_target_peer_deg_lfc_spearman_pair_p05_corrected_percentile	0.6743652825169217	0.6222767188230028	0.7211938303557929	0.04945855576639502	bca	ok	0.95	2000	2000	127	123	81	pubchem_cid			95% BCa bootstrap CI clustered by PubChem compound; uncertainty is over the observed compound panel, not broader chemical space.
l1000_phase2	tahoe	w4_deg_dataset_pair	w4_observed_deg_lfc_spearman_sym_p05	mean_w4_observed_deg_lfc_spearman_sym_p05	0.11269518244735094	0.03256623902814429	0.2004803381671664	0.08395704956951106	bca	ok	0.95	2000	2000	134	77	63	pubchem_cid			95% BCa bootstrap CI clustered by PubChem compound; uncertainty is over the observed compound panel, not broader chemical space.
l1000_phase2	tahoe	w4_deg_dataset_pair	w4_source_centroid_deg_lfc_spearman_pair_p05	mean_w4_source_centroid_deg_lfc_spearman_pair_p05	0.01419196233808184	-0.05036220914863454	0.07880103632807348	0.06458162273835401	bca	ok	0.95	2000	2000	134	132	108	pubchem_cid			95% BCa bootstrap CI clustered by PubChem compound; uncertainty is over the observed compound panel, not broader chemical space.
l1000_phase2	tahoe	w4_deg_dataset_pair	w4_delta_vs_source_centroid_deg_lfc_spearman_p05	mean_w4_delta_vs_source_centroid_deg_lfc_spearman_p05	0.05346935727406199	-0.06681909128934928	0.1535377297721529	0.11017841053075109	bca	ok	0.95	2000	2000	134	77	63	pubchem_cid			95% BCa bootstrap CI clustered by PubChem compound; uncertainty is over the observed compound panel, not broader chemical space.
l1000_phase2	tahoe	w4_deg_dataset_pair	w4_target_centroid_deg_lfc_spearman_pair_p05	mean_w4_target_centroid_deg_lfc_spearman_pair_p05	-0.008232456813327151	-0.06997974166197511	0.043756586112569884	0.0568681638872725	bca	ok	0.95	2000	2000	134	132	108	pubchem_cid			95% BCa bootstrap CI clustered by PubChem compound; uncertainty is over the observed compound panel, not broader chemical space.
l1000_phase2	tahoe	w4_deg_dataset_pair	w4_delta_vs_target_centroid_deg_lfc_spearman_p05	mean_w4_delta_vs_target_centroid_deg_lfc_spearman_p05	0.055017647734090645	-0.0572713517337813	0.16685287911471636	0.11206211542424882	bca	ok	0.95	2000	2000	134	77	63	pubchem_cid			95% BCa bootstrap CI clustered by PubChem compound; uncertainty is over the observed compound panel, not broader chemical space.
l1000_phase2	tahoe	w4_deg_dataset_pair	w4_source_peer_deg_lfc_spearman_pair_p05	mean_w4_source_peer_deg_lfc_spearman_pair_p05	-0.06834691054415942	-0.08230780340372634	-0.05679659289999097	0.012755605251867686	bca	ok	0.95	2000	2000	134	132	108	pubchem_cid			95% BCa bootstrap CI clustered by PubChem compound; uncertainty is over the observed compound panel, not broader chemical space.
l1000_phase2	tahoe	w4_deg_dataset_pair	w4_delta_vs_source_peer_deg_lfc_spearman_p05	mean_w4_delta_vs_source_peer_deg_lfc_spearman_p05	0.14884051462518896	0.06236306636468757	0.23234195853507383	0.08498944608519313	bca	ok	0.95	2000	2000	134	77	63	pubchem_cid			95% BCa bootstrap CI clustered by PubChem compound; uncertainty is over the observed compound panel, not broader chemical space.
l1000_phase2	tahoe	w4_deg_dataset_pair	w4_source_peer_deg_lfc_spearman_pair_p05_sd_score	mean_w4_source_peer_deg_lfc_spearman_pair_p05_sd_score	0.4707975138890003	0.4385897991779335	0.5073812161241515	0.03439570847310902	bca	ok	0.95	2000	2000	134	132	108	pubchem_cid			95% BCa bootstrap CI clustered by PubChem compound; uncertainty is over the observed compound panel, not broader chemical space.
l1000_phase2	tahoe	w4_deg_dataset_pair	w4_source_peer_deg_lfc_spearman_pair_p05_fraction_below_observed	mean_w4_source_peer_deg_lfc_spearman_pair_p05_fraction_below_observed	0.6086009516816404	0.5727196486201289	0.6482583498290044	0.03776935060443776	bca	ok	0.95	2000	2000	134	132	108	pubchem_cid			95% BCa bootstrap CI clustered by PubChem compound; uncertainty is over the observed compound panel, not broader chemical space.
l1000_phase2	tahoe	w4_deg_dataset_pair	w4_source_peer_deg_lfc_spearman_pair_p05_corrected_percentile	mean_w4_source_peer_deg_lfc_spearman_pair_p05_corrected_percentile	0.6095217130067944	0.5691711452540319	0.6455588416899727	0.038193848217970394	bca	ok	0.95	2000	2000	134	132	108	pubchem_cid			95% BCa bootstrap CI clustered by PubChem compound; uncertainty is over the observed compound panel, not broader chemical space.
l1000_phase2	tahoe	w4_deg_dataset_pair	w4_target_peer_deg_lfc_spearman_pair_p05	mean_w4_target_peer_deg_lfc_spearman_pair_p05	0.00011999074155358081	-0.009216435406491977	0.009132802102509413	0.009174618754500695	bca	ok	0.95	2000	2000	134	132	108	pubchem_cid			95% BCa bootstrap CI clustered by PubChem compound; uncertainty is over the observed compound panel, not broader chemical space.
l1000_phase2	tahoe	w4_deg_dataset_pair	w4_delta_vs_target_peer_deg_lfc_spearman_p05	mean_w4_delta_vs_target_peer_deg_lfc_spearman_p05	0.09877697023784907	0.012258319391764706	0.18960262751377246	0.08867215406100389	bca	ok	0.95	2000	2000	134	77	63	pubchem_cid			95% BCa bootstrap CI clustered by PubChem compound; uncertainty is over the observed compound panel, not broader chemical space.
l1000_phase2	tahoe	w4_deg_dataset_pair	w4_target_peer_deg_lfc_spearman_pair_p05_sd_score	mean_w4_target_peer_deg_lfc_spearman_pair_p05_sd_score	0.44030689211695134	0.4056962597343075	0.47767889870071606	0.035991319483204276	bca	ok	0.95	2000	2000	134	132	108	pubchem_cid			95% BCa bootstrap CI clustered by PubChem compound; uncertainty is over the observed compound panel, not broader chemical space.
l1000_phase2	tahoe	w4_deg_dataset_pair	w4_target_peer_deg_lfc_spearman_pair_p05_fraction_below_observed	mean_w4_target_peer_deg_lfc_spearman_pair_p05_fraction_below_observed	0.5625432779499978	0.522840132590339	0.6029987110109053	0.04007928921028314	bca	ok	0.95	2000	2000	134	132	108	pubchem_cid			95% BCa bootstrap CI clustered by PubChem compound; uncertainty is over the observed compound panel, not broader chemical space.
l1000_phase2	tahoe	w4_deg_dataset_pair	w4_target_peer_deg_lfc_spearman_pair_p05_corrected_percentile	mean_w4_target_peer_deg_lfc_spearman_pair_p05_corrected_percentile	0.5636648560678612	0.5208729089225742	0.6056658411897667	0.04239646613359627	bca	ok	0.95	2000	2000	134	132	108	pubchem_cid			95% BCa bootstrap CI clustered by PubChem compound; uncertainty is over the observed compound panel, not broader chemical space.
tahoe	sciplex	w4_deg_dataset_pair	w4_observed_deg_lfc_spearman_sym_p05	mean_w4_observed_deg_lfc_spearman_sym_p05	0.25411821245356025	0.128718124077964	0.3754726505010221	0.12337726321152903	bca	ok	0.95	2000	2000	23	14	14	pubchem_cid			95% BCa bootstrap CI clustered by PubChem compound; uncertainty is over the observed compound panel, not broader chemical space.
tahoe	sciplex	w4_deg_dataset_pair	w4_source_centroid_deg_lfc_spearman_pair_p05	mean_w4_source_centroid_deg_lfc_spearman_pair_p05	0.1291195896580937	0.002586497545158273	0.2433309854588207	0.12037224395683122	bca	ok	0.95	2000	2000	23	23	23	pubchem_cid			95% BCa bootstrap CI clustered by PubChem compound; uncertainty is over the observed compound panel, not broader chemical space.
tahoe	sciplex	w4_deg_dataset_pair	w4_delta_vs_source_centroid_deg_lfc_spearman_p05	mean_w4_delta_vs_source_centroid_deg_lfc_spearman_p05	0.207525509627974	0.034949000796859336	0.3592870151482168	0.16216900717567873	bca	ok	0.95	2000	2000	23	14	14	pubchem_cid			95% BCa bootstrap CI clustered by PubChem compound; uncertainty is over the observed compound panel, not broader chemical space.
tahoe	sciplex	w4_deg_dataset_pair	w4_target_centroid_deg_lfc_spearman_pair_p05	mean_w4_target_centroid_deg_lfc_spearman_pair_p05	-0.006260309733452623	-0.120195189088914	0.13262922408708885	0.12641220658800142	bca	ok	0.95	2000	2000	23	23	23	pubchem_cid			95% BCa bootstrap CI clustered by PubChem compound; uncertainty is over the observed compound panel, not broader chemical space.
tahoe	sciplex	w4_deg_dataset_pair	w4_delta_vs_target_centroid_deg_lfc_spearman_p05	mean_w4_delta_vs_target_centroid_deg_lfc_spearman_p05	0.2099134529418458	-0.016411379308150766	0.3772812454272273	0.19684631236768904	bca	ok	0.95	2000	2000	23	14	14	pubchem_cid			95% BCa bootstrap CI clustered by PubChem compound; uncertainty is over the observed compound panel, not broader chemical space.
tahoe	sciplex	w4_deg_dataset_pair	w4_source_peer_deg_lfc_spearman_pair_p05	mean_w4_source_peer_deg_lfc_spearman_pair_p05	0.009336542388711453	-0.0026234628936099	0.020536107394162867	0.011579785143886384	bca	ok	0.95	2000	2000	23	23	23	pubchem_cid			95% BCa bootstrap CI clustered by PubChem compound; uncertainty is over the observed compound panel, not broader chemical space.
tahoe	sciplex	w4_deg_dataset_pair	w4_delta_vs_source_peer_deg_lfc_spearman_p05	mean_w4_delta_vs_source_peer_deg_lfc_spearman_p05	0.2567986912975745	0.12810193913196782	0.3950845981545988	0.13349132951131548	bca	ok	0.95	2000	2000	23	14	14	pubchem_cid			95% BCa bootstrap CI clustered by PubChem compound; uncertainty is over the observed compound panel, not broader chemical space.
tahoe	sciplex	w4_deg_dataset_pair	w4_source_peer_deg_lfc_spearman_pair_p05_sd_score	mean_w4_source_peer_deg_lfc_spearman_pair_p05_sd_score	0.4276567607117828	0.35968641671403534	0.5061811166050918	0.07324734994552823	bca	ok	0.95	2000	2000	23	23	23	pubchem_cid			95% BCa bootstrap CI clustered by PubChem compound; uncertainty is over the observed compound panel, not broader chemical space.
tahoe	sciplex	w4_deg_dataset_pair	w4_source_peer_deg_lfc_spearman_pair_p05_fraction_below_observed	mean_w4_source_peer_deg_lfc_spearman_pair_p05_fraction_below_observed	0.6170200035195483	0.5092424116253725	0.7160375039367809	0.10339754615570418	bca	ok	0.95	2000	2000	23	23	23	pubchem_cid			95% BCa bootstrap CI clustered by PubChem compound; uncertainty is over the observed compound panel, not broader chemical space.
tahoe	sciplex	w4_deg_dataset_pair	w4_source_peer_deg_lfc_spearman_pair_p05_corrected_percentile	mean_w4_source_peer_deg_lfc_spearman_pair_p05_corrected_percentile	0.6184988239276029	0.5154684742051944	0.7105670873697661	0.09754930658228589	bca	ok	0.95	2000	2000	23	23	23	pubchem_cid			95% BCa bootstrap CI clustered by PubChem compound; uncertainty is over the observed compound panel, not broader chemical space.
tahoe	sciplex	w4_deg_dataset_pair	w4_target_peer_deg_lfc_spearman_pair_p05	mean_w4_target_peer_deg_lfc_spearman_pair_p05	-0.001349093443281528	-0.016639725412934517	0.015352208637582023	0.01599596702525827	bca	ok	0.95	2000	2000	23	23	23	pubchem_cid			95% BCa bootstrap CI clustered by PubChem compound; uncertainty is over the observed compound panel, not broader chemical space.
tahoe	sciplex	w4_deg_dataset_pair	w4_delta_vs_target_peer_deg_lfc_spearman_p05	mean_w4_delta_vs_target_peer_deg_lfc_spearman_p05	0.25071944206519475	0.13007080190412074	0.3834457349034992	0.12668746649968923	bca	ok	0.95	2000	2000	23	14	14	pubchem_cid			95% BCa bootstrap CI clustered by PubChem compound; uncertainty is over the observed compound panel, not broader chemical space.
tahoe	sciplex	w4_deg_dataset_pair	w4_target_peer_deg_lfc_spearman_pair_p05_sd_score	mean_w4_target_peer_deg_lfc_spearman_pair_p05_sd_score	0.36776126994364233	0.29423534847553956	0.46022744283823536	0.0829960471813479	bca	ok	0.95	2000	2000	23	23	23	pubchem_cid			95% BCa bootstrap CI clustered by PubChem compound; uncertainty is over the observed compound panel, not broader chemical space.
tahoe	sciplex	w4_deg_dataset_pair	w4_target_peer_deg_lfc_spearman_pair_p05_fraction_below_observed	mean_w4_target_peer_deg_lfc_spearman_pair_p05_fraction_below_observed	0.6392476977988918	0.5264259033736483	0.7367141241009627	0.10514411036365723	bca	ok	0.95	2000	2000	23	23	23	pubchem_cid			95% BCa bootstrap CI clustered by PubChem compound; uncertainty is over the observed compound panel, not broader chemical space.
tahoe	sciplex	w4_deg_dataset_pair	w4_target_peer_deg_lfc_spearman_pair_p05_corrected_percentile	mean_w4_target_peer_deg_lfc_spearman_pair_p05_corrected_percentile	0.6407868114020728	0.5288903080377031	0.7349191519293691	0.10301442194583299	bca	ok	0.95	2000	2000	23	23	23	pubchem_cid			95% BCa bootstrap CI clustered by PubChem compound; uncertainty is over the observed compound panel, not broader chemical space.
